corpus,chunk1,chunk2,chunk3,chunk4,chunk5
ostromlöveganyag,ostrom,löveg,anyag,,
élelmiszerellátás,élelmi,szerel,látás,,
szentjánosbogár,szent,jános,bogár,,
kulcshoronyvezeték,kulcs,horony,vezeték,,
torzsmáglyaégetés,torzs,máglya,égetés,,
szentjánoskenyér,szent,jános,kenyér,,
olívabogyószüret,olíva,bogyó,szüret,,
csónakcsatlókötél,csónak,csatló,kötél,,
selyemcsipkefajta,selyem,csipke,fajta,,
ecetsavetilészter,ecetsav,etil,észter,,
kötőszalaglazulás,kötő,szalag,lazulás,,
szerteszaggat,szer,tesz,aggat,,
oszlopsortalapzat,oszlop,sort,alapzat,,
kormánysúlyzsák,kormány,súly,zsák,,
autóbuszváróhely,autóbusz,váró,hely,,
szerszámosláda,szer,számos,láda,,
szerszámoskamra,szer,számos,kamra,,
tiszteletreméltóság,tisztel,etre,méltóság,,
tiszteletreméltóság,tisztelet,remélt,óság,,
mérettartóság,méret,tart,óság,,
dicséretreméltó,dicsér,etre,méltó,,
csillagboltozaton,csillag,boltoz,aton,,
rókafarkfűrész,róka,fark,fűrész,,
helycserélősdi,hely,cser,élősdi,,
szárnyburkolatmező,szárny,burkolat,mező,,
rasztermélynyom,raszter,mély,nyom,,
egypártrendszer,egypár,trend,szer,,
hisztériázik,hisz,téri,ázik,,
szerteszakad,szer,tesz,akad,,
kardmarkolaton,kard,markol,aton,,
szeretetreméltóság,szeret,etre,méltóság,,
vértörvényszék,vért,örvény,szék,,
szeretetreméltóság,szeretet,remélt,óság,,
kottavonalhúzó,kotta,vonal,húzó,,
zarándokkalap,zarán,dokk,alap,,
bolyhozóhenger,boly,hozó,henger,,
szemfényvesztés,szem,fény,vesztés,,
szikkativitás,szik,kati,vitás,,
csillagtestmérő,csillag,test,mérő,,
köztelekrész,közt,elek,rész,,
székpénzszedő,szék,pénz,szedő,,
szemfényvesztő,szem,fény,vesztő,,
kormánytőkesaru,kormány,tőke,saru,,
cölöpfejtoldás,cölöp,fejt,oldás,,
végigeszeget,végi,gesz,eget,,
szénvagyoncsökkenés,szén,vagyon,csökkenés,,
végigaraszol,végi,gara,szol,,
kormányszárnyílás,kormány,szár,nyílás,,
füstmennyiségmérő,füst,mennyiség,mérő,,
szerzsettszövet,szer,zsett,szövet,,
tüdőszanatórium,tüdős,zana,tórium,,
szerszámostáska,szer,számos,táska,,
szivattyúszívólyuk,szivattyú,szívó,lyuk,,
páraképződésgátló,pára,képződés,gátló,,
szeretetreméltó,szeret,etre,méltó,,
helytartóság,hely,tart,óság,,
világéletében,világ,élet,ében,,
szegmentzsilipkapu,szeg,ment,zsilipkapu,,
szürkemókusprém,szürke,mókus,prém,,
kecskeszemtölgyfa,kecske,szem,tölgyfa,,
kényszereladás,kény,szerel,adás,,
szolgálatára,szol,gála,tára,,
karikacsapás,kari,kacs,apás,,
gondolatrendszer,gondola,trend,szer,,
szilveszteri,szil,vesz,teri,,
darumacskakocsi,daru,macska,kocsi,,
hordrugókötés,hord,rugó,kötés,,
szilveszterest,szil,veszte,rest,,
szerteszéjjel,szer,tesz,éjjel,,
szentolajtartó,szent,olaj,tartó,,
cseppfolyósodó,csepp,folyó,sodó,,
szerteszállít,szer,tesz,állít,,
mélyretekintő,mély,retek,intő,,
bányarészjegy,bánya,rész,jegy,,
szerteszakadozik,szer,tesz,akadozik,,
színtartóság,szín,tart,óság,,
szívremegtető,szív,remeg,tető,,
csíkrendszabó,csík,rend,szabó,,
gyerekelőadás,gyere,kelő,adás,,
gondviselésszerű,gond,visel,ésszerű,,
tangensérintőpont,tangens,érintő,pont,,
tiszteletreméltó,tisztel,etre,méltó,,
gondviselésszerűen,gond,visel,ésszerűen,,
szakszervezetet,szak,szervez,etet,,
sólyaszánkótalp,sólya,szánkó,talp,,
hegyvonulatos,hegy,vonul,atos,,
élethalálharc,élet,halál,harc,,
mészhomoktégla,mész,homok,tégla,,
hengercsaprózsa,henger,csap,rózsa,,
szerteszéled,szer,tesz,éled,,
labdarúgósport,labda,rúgós,port,,
baradicskóró,bara,dics,kóró,,
cinkedénykészítő,cink,edény,készítő,,
keresztszárkarika,kereszt,szár,karika,,
szűrőprésiszap,szűrő,prés,iszap,,
krómkáliszulfát,króm,káli,szulfát,,
nyálkakiválasztó,nyál,kaki,választó,,
szektarianizmus,szekta,rian,izmus,,
védőszárny,véd,ősz,árny,,
furatátmérő,fura,tát,mérő,,
tűzoltóság,tűz,olt,óság,,
kecskegida,kecs,keg,ida,,
zárredőlap,zár,redő,lap,,
közművelődés,közmű,velő,dés,,
végigereszt,vég,ige,reszt,,
tüzesvaspróba,tüzes,vas,próba,,
gőzmennyiségmérő,gőz,mennyiség,mérő,,
halfüstölőhely,hal,füstölő,hely,,
kalapgyártáshoz,kalap,gyártás,hoz,,
marhasült,mar,has,ült,,
közreveszik,köz,reve,szik,,
sikkasztat,sikk,asz,tat,,
szabadalom,szab,ada,lom,,
kárpátukrán,kár,pát,ukrán,,
fluoreszkáló,fluor,esz,káló,,
férfikalap,fér,fika,lap,,
korpacibere,kor,paci,bere,,
forradalom,forr,ada,lom,,
ütőérvérzés,ütő,érv,érzés,,
nyíltszívű,nyíl,tsz,ívű,,
veszekedés,vesz,eke,dés,,
csereszabatos,cseres,zab,atos,,
kontaktmásolás,kont,akt,másolás,,
kacskaringó,kacs,kar,ingó,,
légszivárgásmérő,lég,szivárgás,mérő,,
pálmalevél,pál,male,vél,,
bőrdíszműves,bőr,dísz,műves,,
függesztett,függ,esz,tett,,
üdülőszálló,üdül,ősz,álló,,
végigeszeget,vég,ige,szeget,,
arcápolókrém,arc,ápolók,rém,,
hozzáprésel,hoz,záp,résel,,
fedőtollak,fedő,tol,lak,,
negyedannyiért,negyed,annyi,ért,,
dúslakodó,dús,lak,odó,,
sétifikál,sét,ifi,kál,,
talajegyengetőeke,talaj,egyengető,eke,,
bornyomókád,bor,nyomó,kád,,
viszontlát,visz,ont,lát,,
kormányvillafej,kormány,villa,fej,,
helyőrségi,hely,őrs,égi,,
vasettabőr,vas,etta,bőr,,
gondolatátvitel,gondola,tát,vitel,,
bölcselkedés,bölcs,elke,dés,,
ütőkalapács,ütők,alap,ács,,
viszontlátás,visz,ont,látás,,
engesztelhetelens,engesztel,hetel,ens,,
ruhadarabon,ruha,dara,bon,,
számlázógép,szám,lázó,gép,,
közösülőképes,közös,ülő,képes,,
végrendeletet,vég,rendel,etet,,
szívótérnyomás,szívó,tér,nyomás,,
kontaktmikrofon,kont,akt,mikrofon,,
viszontszolgálat,visz,ont,szolgálat,,
háztűznéző,ház,tűz,néző,,
expresszionizmus,expressz,ion,izmus,,
címerkirály,cím,erk,irály,,
frissensült,friss,ens,ült,,
foszforeszkál,foszfor,esz,kál,,
tömöntőpapír,töm,öntő,papír,,
viszontvád,visz,ont,vád,,
sziklakúszó,szik,lak,úszó,,
vígjátékszínész,víg,játékszín,ész,,
állampapír,áll,ampa,pír,,
kapitalizmus,kap,ital,izmus,,
szószerint,szó,szer,int,,
szélsőjobboldali,szélsőjobb,old,ali,,
pereszlény,per,esz,lény,,
szórejtvény,szór,ejt,vény,,
gátkoronamagasság,gát,korona,magasság,,
tortasütő,tor,tas,ütő,,
alagsorvilágításhoz,alagsor,világítás,hoz,,
ágyúnaszád,ágy,úna,szád,,
jajveszékel,jaj,vesz,ékel,,
szárnytollak,szárny,tol,lak,,
férfialak,fér,fia,lak,,
kontraktus,kont,rak,tus,,
tudásvágy,tud,ásv,ágy,,
sebesültszállító,sebesül,tsz,állító,,
eredménnyel,ered,mén,nyel,,
hegesztett,heg,esz,tett,,
csillagatlasztan,csillag,atlasz,tan,,
vállalatalapítás,vállal,ata,lapítás,,
gombahatározó,gomb,aha,tározó,,
szűrőhomokágy,szűrő,homok,ágy,,
ládagyártó,lád,agy,ártó,,
kandallószerszámok,kan,dal,lószerszámok,,
védháztetőív,véd,ház,tetőív,,
viszontbiztosítás,visz,ont,biztosítás,,
értékítélet,ért,ékít,élet,,
pörkölőtál,pörk,ölő,tál,,
műtőszolga,műt,ősz,olga,,
hajtócsavar,haj,tócsa,var,,
tökéletesül,tökél,ete,sül,,
rajtamarad,rajt,ama,rad,,
koraszülés,kor,asz,ülés,,
élethalálharc,élet,hal,álharc,,
esztétika,esz,tét,ika,,
hashajtószerű,has,haj,tószerű,,
élelmiszeradag,élelmi,szera,dag,,
középpárt,köz,épp,árt,,
lombardia,lom,bar,dia,,
csapatszállító,csapa,tsz,állító,,
támasztódarab,támaszt,óda,rab,,
viaszkosvászon,viasz,kos,vászon,,
alapgondolatok,alap,gondola,tok,,
ládahalom,lád,aha,lom,,
jutagyártás,jut,agy,ártás,,
eszképizmus,esz,kép,izmus,,
szerteszáll,szer,tesz,áll,,
korcsolyázás,korcs,oly,ázás,,
emelőcsavar,eme,lőcs,avar,,
illatszerek,illa,tsz,erek,,
osztálytársadalom,osztálytárs,ada,lom,,
aggasztat,agg,asz,tat,,
pénzfajtát,pénz,faj,tát,,
verejtékezés,ver,ejt,ékezés,,
borzadalom,borz,ada,lom,,
víztatszító,víz,tat,szító,,
sebesültszállítás,sebesül,tsz,állítás,,
zongoradarab,zongor,ada,rab,,
gépjárművezető,gép,jár,művezető,,
rablótanya,rab,lót,anya,,
élősejtprotoplazma,élő,sejt,protoplazma,,
közbetelepült,közbe,telep,ült,,
barbarizmus,bar,bar,izmus,,
hasdúclánc,has,dúc,lánc,,
dicsekedés,dics,eke,dés,,
férfizakó,fér,fiz,akó,,
karakteres,kar,akt,eres,,
vízállóság,víz,áll,óság,,
pártfogolt,párt,fog,olt,,
sóskasavas,sós,kasa,vas,,
vonatoszlop,von,atosz,lop,,
sóskasavas,sós,kas,avas,,
ülőfülkék,ülő,fül,kék,,
féltestvér,félt,est,vér,,
illatszeres,illa,tsz,eres,,
farktollak,fark,tol,lak,,
viszontbiztosít,visz,ont,biztosít,,
méretállóság,méret,áll,óság,,
menekültáradat,menekül,tára,dat,,
kárhozatos,kár,hoz,atos,,
végigalapoz,vég,iga,lapoz,,
mentalikőr,ment,ali,kőr,,
halasztat,hal,asz,tat,,
rendőrségi,rend,őrs,égi,,
zsalugáteres,zsalu,gát,eres,,
fogadalom,fog,ada,lom,,
bérszámfejtő,bér,szám,fejtő,,
kormányfejrés,kormány,fej,rés,,
klasszifikál,klassz,ifi,kál,,
cseréppipa,cser,épp,ipa,,
hisztérika,hisz,tér,ika,,
kenderszár,ken,ders,zár,,
foglábmagasság,fog,láb,magasság,,
bőrfodorszál,bőr,fodor,szál,,
korhelykedés,kor,helyke,dés,,
teknősbékahalász,teknős,békahal,ász,,
földbitokos,föld,bit,okos,,
szépítőszerek,szépít,ősz,erek,,
naprakész,nap,rak,ész,,
vadászkalap,vad,ászka,lap,,
helytartósági,hely,tartós,ági,,
ércsíptető,érc,síp,tető,,
nikotinsavamid,nikotin,sav,amid,,
középparaszt,köz,épp,araszt,,
illatszerbolt,illat,szerb,olt,,
zászlószentelés,zászlós,zen,telés,,
viszontszeret,visz,ont,szeret,,
pamutbálázás,pamut,bál,ázás,,
alapadatok,alap,ada,tok,,
agyontoldoz,agy,ont,oldoz,,
maglyukdörzsár,mag,lyuk,dörzsár,,
cölöpfejtoldás,cölöp,fej,toldás,,
tarkállik,tar,kál,lik,,
korrumpál,kor,rum,pál,,
rajtaront,raj,tar,ont,,
társadalom,társ,ada,lom,,
viszontvádol,visz,ont,vádol,,
fennhéjázás,fenn,héj,ázás,,
repülőjáratok,repülő,jára,tok,,
tyúklábminta,tyúk,láb,minta,,
óraidőtérkép,óra,idő,térkép,,
kazántápvíz,kazán,táp,víz,,
kardánvilla,kar,dán,villa,,
bonifikál,bon,ifi,kál,,
főműsoridő,főmű,sor,idő,,
aktagyártás,akt,agy,ártás,,
írószerbolt,író,szerb,olt,,
deszkadarab,desz,kada,rab,,
koronapapír,koron,apa,pír,,
tolvajkodó,tol,vajk,odó,,
éticsigatenyészet,éti,csiga,tenyészet,,
autodinkapcsolás,aut,odin,kapcsolás,,
jobboldalt,jobb,old,alt,,
életvegytani,élet,vegyt,ani,,
bélfonalszövet,bél,fonal,szövet,,
kataszteri,kat,asz,teri,,
hozzápakol,hoz,záp,akol,,
árulerakat,árul,era,kat,,
kávépörkölő,kávé,pörk,ölő,,
cápamájolaj,cápa,máj,olaj,,
pederasztia,peder,asz,tia,,
zablakarika,zab,lak,arika,,
hajtépázás,haj,tép,ázás,,
méretadat,mér,eta,dat,,
alaprezgésmód,alap,rezgés,mód,,
pálmamagzsír,pálma,mag,zsír,,
gyomorvérzés,gyom,orv,érzés,,
parancshídház,parancs,híd,ház,,
szertelenkedés,szerte,lenke,dés,,
jelmondatos,jel,mond,atos,,
éhenkórász,éhen,kór,ász,,
járdalemez,jár,dal,emez,,
foszforeszkáló,foszfor,esz,káló,,
gyökértelen,gyök,ért,elen,,
csendőrségi,csend,őrs,égi,,
barbarella,bar,bar,ella,,
verifikál,ver,ifi,kál,,
keresztültesz,kereszt,ült,esz,,
etetőrács,ete,tőr,ács,,
vélekedés,vél,eke,dés,,
ráklikkel,rák,lik,kel,,
kocsivilágításhoz,kocsi,világítás,hoz,,
tűzállóság,tűz,áll,óság,,
ércvagyoncsökkenés,érc,vagyon,csökkenés,,
magánlaksértés,magán,lak,sértés,,
vasalkatrész,vasal,kat,rész,,
széloldali,szél,old,ali,,
látszerész,lát,szer,ész,,
babicajáték,bab,ica,játék,,
rajtszárad,raj,tsz,árad,,
vetemedés,vet,eme,dés,,
kárhoztat,kár,hoz,tat,,
híresztelés,hír,esz,telés,,
pontifikál,pont,ifi,kál,,
csapatszállítmány,csapa,tsz,állítmány,,
kesztyűszabász,kesztyűs,zab,ász,,
észrevételek,észre,vét,elek,,
államkincstár,állam,kincs,tár,,
föderalista,föd,era,lista,,
hozzáreszel,hoz,zár,eszel,,
nyálkatömlő,nyál,kat,ömlő,,
viszontszívesség,visz,ont,szívesség,,
ágyhozkötött,ágy,hoz,kötött,,
bírásvágy,bír,ásv,ágy,,
szilikagél,szil,ika,gél,,
kardántengely,kar,dán,tengely,,
emelőcsiga,eme,lőcs,iga,,
lépfeneterjesztő,lép,fenet,erjesztő,,
transzportőr,transz,por,tőr,,
strucctollak,strucc,tol,lak,,
viszontszerettet,visz,ont,szerettet,,
molesztál,mol,esz,tál,,
gépkocsisport,gép,kocsis,port,,
fölviláglik,föl,világ,lik,,
rázkódtat,ráz,kód,tat,,
viszontkereset,visz,ont,kereset,,
állatalak,áll,ata,lak,,
férfiszépség,fér,fisz,épség,,
bakaszivar,bak,asz,ivar,,
szerteszitál,szer,teszi,tál,,
robbantótöltet,robban,tót,öltet,,
szélsőbaloldali,szélsőbal,old,ali,,
lövegcsővakaró,löveg,cső,vakaró,,
indítókorlát,indít,ókor,lát,,
kukacvirág,kuka,cvi,rág,,
baromfialom,barom,fia,lom,,
észrevevés,ész,reve,vés,,
ráfutófék,ráf,utó,fék,,
államalapítás,áll,ama,lapítás,,
gumiszerelővas,gumi,szerelő,vas,,
karakterisztika,kar,akt,erisztika,,
közbenevet,köz,bene,vet,,
pörkölőkemence,pörk,ölő,kemence,,
kardáncsukló,kar,dán,csukló,,
nyershúsevés,nyers,hús,evés,,
ráfegyelmez,ráf,egyel,mez,,
házigazdám,házi,gaz,dám,,
marhatolvaj,mar,hatol,vaj,,
kötélkócseprű,kötél,kóc,seprű,,
pávafarkégő,páva,fark,égő,,
csillagállat,csilla,gál,lat,,
végigáztat,végi,gáz,tat,,
könyvkirakat,könyv,kira,kat,,
méreteloszlás,mér,etel,oszlás,,
végigáztat,vég,igáz,tat,,
közreadat,köz,rea,dat,,
tettenérés,tett,ené,rés,,
hajtásvégszáradás,hajtás,vég,száradás,,
tűzszerész,tűz,szer,ész,,
bikaviadali,bika,via,dali,,
fürjészháló,fürj,ész,háló,,
hegyméréstan,hegy,mérés,tan,,
kovacinkérc,kova,cink,érc,,
kényszerválasz,kény,szervál,asz,,
szerkentyű,szer,ken,tyű,,
tankelhárító,tan,kel,hárító,,
épületalapozás,épül,eta,lapozás,,
csukamájolaj,csuka,máj,olaj,,
permangánsav,per,mangán,sav,,
kantárszár,kan,társ,zár,,
keresztültörül,kereszt,ült,örül,,
verejtékes,ver,ejt,ékes,,
kötekedés,köt,eke,dés,,
házigazdám,ház,igaz,dám,,
észreveszik,ész,reve,szik,,
fejméréstan,fej,mérés,tan,,
dinasztia,din,asz,tia,,
kardánkereszt,kar,dán,kereszt,,
vénuszhajnövény,vénusz,haj,növény,,
hisztériázik,hisz,tér,iázik,,
fogyasztat,fogy,asz,tat,,
szótártani,szót,árt,ani,,
kántoroldali,kán,torol,dali,,
kántoroldali,kántor,old,ali,,
szótártani,szó,tárt,ani,,
sertepertél,serte,per,tél,,
ráfészkel,ráf,ész,kel,,
mellészáll,mell,ész,áll,,
eszmeralda,esz,mer,alda,,
szembenevet,szem,bene,vet,,
posztolytáska,poszt,oly,táska,,
hullaszállító,hull,asz,állító,,
csavarmetszőlap,csavar,metsző,lap,,
kontingens,kont,ing,ens,,
osztókorongfej,osztó,korong,fej,,
jelzőkalapács,jelzők,alap,ács,,
restelkedés,rest,elke,dés,,
rákontráz,rák,ont,ráz,,
hozzáront,hoz,zár,ont,,
vételzavar,vét,elza,var,,
kérdőszócska,kérd,ősz,ócska,,
bolyhozógép,boly,hozó,gép,,
földreszállás,földr,esz,állás,,
hegyszakadák,hegy,szaka,dák,,
korrozivitás,kor,rozi,vitás,,
viszontszerelem,visz,ont,szerelem,,
tökhéjpalack,tök,héj,palack,,
hajókorlát,haj,ókor,lát,,
rajtaszárad,rajt,asz,árad,,
poplation,pop,lat,ion,,
kopásállóság,kopás,áll,óság,,
korcsolyázik,korcs,oly,ázik,,
kontaktmásolat,kont,akt,másolat,,
dagasztat,dag,asz,tat,,
szivarkapapír,szivar,kapa,pír,,
páncélgépkocsi,pán,célgép,kocsi,,
fluoreszkál,fluor,esz,kál,,
érmesajtoláshoz,érme,sajtolás,hoz,,
epefestőanyagok,epe,festő,anyagok,,
búslakodó,bús,lak,odó,,
középpont,köz,épp,ont,,
szemerkélő,szem,erk,élő,,
farlapkeret,far,lap,keret,,
kötőszavas,köt,ősz,avas,,
házhozszállított,ház,hoz,szállított,,
bálnahátfedélzet,bál,nahát,fedélzet,,
zsugorodóképes,zsugor,odó,képes,,
federalista,fed,era,lista,,
gyomorrontás,gyom,orr,ontás,,
jobboldali,jobb,old,ali,,
agyondíjaz,agy,ond,íjaz,,
kézzelfoghatóság,kézzel,fog,hatóság,,
kulcsrakész,kulcs,rak,ész,,
vízimalom,víz,ima,lom,,
időréscsatoló,idő,rés,csatoló,,
növekedés,növ,eke,dés,,
nyelvetölt,nyel,vet,ölt,,
meredeken,mer,ede,ken,,
folyamatok,foly,ama,tok,,
fogadókész,fog,adók,ész,,
légnedvességíró,lég,nedvesség,író,,
viszontbiztosító,visz,ont,biztosító,,
árvalányhaj,árva,lány,haj,,
emlősállat,emlő,sál,lat,,
végigeszik,vég,ige,szik,,
evezőtollak,evező,tol,lak,,
zenebonázik,zene,bon,ázik,,
kontaktméreg,kont,akt,méreg,,
fémismerettan,fém,ismeret,tan,,
hamvasztat,hamv,asz,tat,,
pirostavaszika,piros,tavasz,ika,,
élelmiszerbolt,élelmi,szerb,olt,,
szinonimaszótár,szinonim,aszó,tár,,
fényállóság,fény,áll,óság,,
munkavállaló,munka,váll,aló,,
mozgásdiagramm,mozgás,dia,gramm,,
élőtéttengely,élő,tét,tengely,,
viszontvádló,visz,ont,vádló,,
verekedés,ver,eke,dés,,
munkavállalót,munka,válla,lót,,
kontesztál,kont,esz,tál,,
proletáriátus,proletár,iá,tus,,
ásólapát,ás,ól,apát,,
keresztülhúzat,kereszt,ül,húzat,,
keresztüllüktet,kereszt,ül,lüktet,,
stigmatikus,stigma,tik,us,,
topográfus,topog,ráf,us,,
takargatnivaló,takargat,niva,ló,,
életfogytiglani,életfogytig,la,ni,,
kontaminál,kont,amin,ál,,
fitopatológia,fi,to,patológia,,
keresztülvív,kereszt,ül,vív,,
fogyasztó,fogy,asz,tó,,
keresztülvezetni,kereszt,ül,vezetni,,
lyukasztóvas,lyukaszt,óv,as,,
seggreesés,segg,re,esés,,
hőmérőz,hő,mér,őz,,
kárpáló,kár,pá,ló,,
résztvesz,rész,tv,esz,,
légáramlatok,légáram,la,tok,,
keresztülhazudik,kereszt,ül,hazudik,,
zsebrevágó,zseb,re,vágó,,
ládahalom,lád,ah,alom,,
állóvíz,áll,óv,íz,,
közölnivaló,közöl,niva,ló,,
fakadóvíz,fakad,óv,íz,,
sírnivaló,sír,niva,ló,,
hősiesség,hő,siess,ég,,
daganatkeltő,daganat,kel,tő,,
relikvia,re,lik,via,,
keresztülzúg,kereszt,ül,zúg,,
pávakék,pá,vak,ék,,
súlyosbodás,súlyos,bod,ás,,
jegyzetelő,jegy,zete,lő,,
hallépcső,hall,ép,cső,,
arcfintorítás,arc,fintorít,ás,,
keresztülkukucskál,kereszt,ül,kukucskál,,
faraktár,far,akt,ár,,
keresztülömlik,kereszt,ül,ömlik,,
jegyűzér,jegy,űz,ér,,
keresztülutazik,kereszt,ül,utazik,,
féltégla,félt,ég,la,,
keresztülzötyög,kereszt,ül,zötyög,,
füstszűrős,füst,szűr,ős,,
gyűjtősín,gyűjt,ős,ín,,
keresztülköt,kereszt,ül,köt,,
földbaba,föl,db,aba,,
szemrevételez,szem,re,vételez,,
négyzetreemelés,négyzet,re,emelés,,
közmondás,közm,ond,ás,,
népszerűséghajhászás,népszerűség,hajhász,ás,,
keresztülvándorol,kereszt,ül,vándorol,,
jelenlévő,jelen,lé,vő,,
egészségükre,egészség,ük,re,,
torontál,tor,ont,ál,,
rímpár,rí,mp,ár,,
sütnivaló,süt,niva,ló,,
árdrágítás,ár,drágít,ás,,
keresztülszeret,kereszt,ül,szeret,,
műtősebész,műtős,eb,ész,,
agyontép,agy,ont,ép,,
keresztülszel,kereszt,ül,szel,,
etetőszék,etet,ősz,ék,,
szemlélő,szem,lé,lő,,
féltenivaló,félte,niva,ló,,
aktatologatás,akta,tologat,ás,,
keresztülvitorlázik,kereszt,ül,vitorlázik,,
keresztülsugároz,kereszt,ül,sugároz,,
ejtőkalapács,ej,tő,kalapács,,
lampion,la,mp,ion,,
keresztülragyog,kereszt,ül,ragyog,,
gyanúsító,gyanú,sí,tó,,
keresztülvetődik,kereszt,ül,vetődik,,
tettrekészség,tett,re,készség,,
kapcsolóvilla,kapcsol,óv,illa,,
fűtőszál,fűt,ősz,ál,,
nyomasztó,nyom,asz,tó,,
javasolt,ja,vas,olt,,
tudnivaló,tud,niva,ló,,
szemerkél,szem,erk,él,,
filatelista,fi,late,lista,,
aggasztó,agg,asz,tó,,
keresztülmászat,kereszt,ül,mászat,,
keresztülcsurog,kereszt,ül,csurog,,
adósságcsinálás,adósság,csinál,ás,,
érzékelő,ér,zé,kelő,,
fölforrósí,föl,forró,sí,,
zenedarabé,zene,dara,bé,,
falikép,fa,lik,ép,,
különítményes,különít,mé,nyes,,
toalettcsinálás,toalett,csinál,ás,,
sújtólég,sújt,ól,ég,,
keresztülhullámzik,kereszt,ül,hullámzik,,
fitogén,fi,to,gén,,
keresztülmentet,kereszt,ül,mentet,,
keresztülcsorgat,kereszt,ül,csorgat,,
exportőr,ex,por,tőr,,
végrehajt,vég,re,hajt,,
mélyreható,mély,re,ható,,
utódlás,utó,dl,ás,,
fúróvég,fúr,óv,ég,,
borzasztó,borz,asz,tó,,
mintázóvas,mintáz,óv,as,,
keresztülgyűr,kereszt,ül,gyűr,,
keresztüléget,kereszt,ül,éget,,
javasasszony,ja,vas,asszony,,
közérdeklődés,közérdek,lő,dés,,
keresztülereszt,kereszt,ül,ereszt,,
harapnivaló,harap,niva,ló,,
delikvens,deli,kv,ens,,
kakaslábfű,kakas,láb,fű,,
publikus,pub,lik,us,,
kártolóbőr,kár,to,lóbőr,,
keresztüljut,kereszt,ül,jut,,
koponyalékelés,koponya,lé,kelés,,
keresztülugrál,kereszt,ül,ugrál,,
sziláscet,szil,ás,cet,,
lapátoló,la,pá,toló,,
üllőcsont,ül,lőcs,ont,,
fitohormon,fi,to,hormon,,
nyombélé,nyom,bé,lé,,
szerelemkeltő,szerelem,kel,tő,,
keresztülbokszol,kereszt,ül,bokszol,,
hajlamos,haj,la,mos,,
faridegzsába,fa,rideg,zsába,,
keresztülpasszíroz,kereszt,ül,passzíroz,,
nyomdagép,nyom,dag,ép,,
hallócsiga,hal,ló,csiga,,
léhaság,lé,has,ág,,
búcsúzás,bú,csúz,ás,,
végigsírdogál,végigsír,dog,ál,,
restellnivaló,restell,niva,ló,,
keresztülvilágít,kereszt,ül,világít,,
süllyesztékmaró,süllyeszt,ék,maró,,
osztálytársadalom,osztálytárs,ad,alom,,
tanulnivaló,tanul,niva,ló,,
renomé,re,no,mé,,
tetemtoldó,tetem,tol,dó,,
toborzás,to,borz,ás,,
szemantikus,szem,antik,us,,
állatrend,ál,la,trend,,
keresztüljuttat,kereszt,ül,juttat,,
keresztülér,kereszt,ül,ér,,
mészárszék,mész,ár,szék,,
kacsasült,kacs,as,ült,,
keresztüldöf,kereszt,ül,döf,,
főtemplom,főte,mp,lom,,
határidőnapló,határ,időnap,ló,,
mészárszék,mé,szár,szék,,
radiátor,rad,iá,tor,,
frizuracsinálás,frizura,csinál,ás,,
keresztülbújik,kereszt,ül,bújik,,
aggregát,agg,re,gát,,
tovakúszik,to,vak,úszik,,
híradás,hí,rad,ás,,
lamentál,la,ment,ál,,
keresztülkacag,kereszt,ül,kacag,,
torontál,to,ront,ál,,
keresztülrángat,kereszt,ül,rángat,,
keresztülközelít,kereszt,ül,közelít,,
tojásbuggyantó,tojás,buggyan,tó,,
öröklőképes,örök,lő,képes,,
észrevevő,ész,reve,vő,,
álpalaszerűség,ál,pala,szerűség,,
dogmatikus,dogma,tik,us,,
társutas,tár,sut,as,,
aknavetős,akna,vet,ős,,
gyomormosás,gyom,ormos,ás,,
toloncház,to,lonc,ház,,
szociálpszichológia,szoci,ál,pszichológia,,
trópusállósítás,trópus,állósít,ás,,
szegecselő,szeg,ecse,lő,,
kócpuhítás,kóc,puhít,ás,,
küzdősport,küzd,ős,port,,
keresztülkerget,kereszt,ül,kerget,,
békeharc,bé,keh,arc,,
keresztülfűz,kereszt,ül,fűz,,
aranycsinálás,arany,csinál,ás,,
kontextus,kont,ex,tus,,
keresztülrepeszt,kereszt,ül,repeszt,,
rákímél,rák,ím,él,,
szőrhullató,szőr,hulla,tó,,
kandalló,kan,dal,ló,,
kékkőoldat,kék,kő,oldat,,
melléhív,mell,éh,ív,,
erődítmények,erődít,mé,nyek,,
tönkrezúz,tönk,re,zúz,,
kegyhajhászás,kegy,hajhász,ás,,
álldogál,áll,dog,ál,,
keresztültolat,kereszt,ül,tolat,,
díszítmények,díszít,mé,nyek,,
szánalomkeltő,szánalom,kel,tő,,
választandó,válasz,tan,dó,,
színlőbárd,szín,lő,bárd,,
keresztülvonaglik,kereszt,ül,vonaglik,,
szájtátás,száj,tát,ás,,
okostóni,okos,tó,ni,,
vezetőség,vezet,ős,ég,,
élveszülés,él,vesz,ülés,,
keresztüláramlik,kereszt,ül,áramlik,,
lábakasztó,lábak,asz,tó,,
keresztülmetsz,kereszt,ül,metsz,,
kupacolás,kupa,col,ás,,
keresztüliszkol,kereszt,ül,iszkol,,
keresztüllépdel,kereszt,ül,lépdel,,
bakelizál,bak,eliz,ál,,
követelmények,követel,mé,nyek,,
keresztülszakít,kereszt,ül,szakít,,
szociáldemokrata,szoci,ál,demokrata,,
tovaringat,to,var,ingat,,
bajadér,baj,ad,ér,,
keresztülrobog,kereszt,ül,robog,,
keresztülsejlik,kereszt,ül,sejlik,,
rekesztőháló,rekesz,tő,háló,,
szociálliberális,szoci,ál,liberális,,
dagasztó,dag,asz,tó,,
tönkremenetel,tönk,re,menetel,,
kártyaszín,kárty,asz,ín,,
bőridegvégződés,bő,rideg,végződés,,
lovagoltatás,lovagol,tat,ás,,
lovagoltatás,lovag,oltat,ás,,
főrendiház,fő,rendi,ház,,
héjakút,hé,jak,út,,
életrekelés,él,etre,kelés,,
fejlődés,fej,lő,dés,,
kvesztor,kv,esz,tor,,
teketória,teke,tó,ria,,
bodzabél,bod,zab,él,,
szégyellnivaló,szégyell,niva,ló,,
keresztülbukik,kereszt,ül,bukik,,
keresztültüzesedik,kereszt,ül,tüzesedik,,
keresztülveret,kereszt,ül,veret,,
hallójárat,hal,ló,járat,,
életrekelés,élet,re,kelés,,
tanúzás,tan,úz,ás,,
cinderella,cin,derel,la,,
keresztülrepül,kereszt,ül,repül,,
búcsúztat,bú,csúz,tat,,
fércmunka,fér,cm,unka,,
parasztivadék,paraszti,vad,ék,,
keresztülomlik,kereszt,ül,omlik,,
keresztülvánszorog,kereszt,ül,vánszorog,,
keresztülhajózik,kereszt,ül,hajózik,,
tönkretevő,tönk,re,tevő,,
diabétesz,dia,bé,tesz,,
kötnivaló,köt,niva,ló,,
húzóvég,húz,óv,ég,,
főhadnagyi,fő,had,nagyi,,
keresztülcsattog,kereszt,ül,csattog,,
szociálsovinizmus,szoci,ál,sovinizmus,,
pacifikál,paci,fi,kál,,
kantoni,kan,to,ni,,
szilvakék,szil,vak,ék,,
keresztülhullik,kereszt,ül,hullik,,
birtokháborítás,birtok,háborít,ás,,
keresztülballag,kereszt,ül,ballag,,
létesítmények,létesít,mé,nyek,,
rabbiság,rab,bis,ág,,
hűtőrács,hűt,őr,ács,,
hűtőrács,hű,tőr,ács,,
függőség,függ,ős,ég,,
karizmatikus,karizma,tik,us,,
csapadék,csap,ad,ék,,
tológép,to,lóg,ép,,
keresztülvarr,kereszt,ül,varr,,
hegesztő,heg,esz,tő,,
keresztültörül,kereszt,ül,törül,,
tudniillik,tud,ni,illik,,
fékezőrács,fékez,őr,ács,,
keresztülbaktat,kereszt,ül,baktat,,
éltartóság,él,tartós,ág,,
éltartóság,él,tart,óság,,
ésszerűsítő,ésszerű,sí,tő,,
szívnivaló,szív,niva,ló,,
sínadrág,sín,ad,rág,,
szórólapát,szór,ól,apát,,
hallócső,hal,ló,cső,,
keresztüllohol,kereszt,ül,lohol,,
színrehozás,szín,re,hozás,,
retikül,re,tik,ül,,
keresztülfúródik,kereszt,ül,fúródik,,
totanus,to,tan,us,,
szerkesztőségi,szerkeszt,ős,égi,,
asszociál,as,szoci,ál,,
romantikus,rom,antik,us,,
érzékeltetés,ér,zé,keltetés,,
őzlábgomba,őz,láb,gomba,,
rákalapál,rák,alap,ál,,
hulladék,hull,ad,ék,,
fűszerbolt,fű,szerb,olt,,
agylékelés,agy,lé,kelés,,
aprólékos,apró,lé,kos,,
állófogas,ál,lófog,as,,
mercédesz,mer,cé,desz,,
keresztüldönget,kereszt,ül,dönget,,
élethossziglani,élethosszig,la,ni,,
konzumálás,konzum,ál,ás,,
keresztülsodor,kereszt,ül,sodor,,
erőrekapás,erő,re,kapás,,
műrevalóság,mű,re,valóság,,
időtálló,idő,tál,ló,,
keresztülhasal,kereszt,ül,hasal,,
hányattatás,hányat,tat,ás,,
falnivaló,fal,niva,ló,,
üldögélés,ül,dög,élés,,
etetőrács,etet,őr,ács,,
keresztülteker,kereszt,ül,teker,,
fibrillál,fi,brill,ál,,
keresztülsiklik,kereszt,ül,siklik,,
flegmatikus,flegma,tik,us,,
pénzhajhászás,pénz,hajhász,ás,,
díszítőszín,díszít,ősz,ín,,
degesztőlé,degesz,tő,lé,,
tovaring,to,var,ing,,
ceruzatoldó,ceruza,tol,dó,,
telepingál,telep,ing,ál,,
szerecsenmosdatás,szerecsen,mosdat,ás,,
rákólint,rák,ól,int,,
keresztülbukfencezik,kereszt,ül,bukfencezik,,
kéménytoldó,kémény,tol,dó,,
vakaróvas,vakar,óv,as,,
közháborítás,köz,háborít,ás,,
áskálódó,ás,káló,dó,,
keresztülölel,kereszt,ül,ölel,,
rácsinál,rác,sin,ál,,
keresztülgürcöl,kereszt,ül,gürcöl,,
tanúsító,tanú,sí,tó,,
szegmentál,szeg,ment,ál,,
exteriőr,ex,teri,őr,,
könyvelőség,könyvel,ős,ég,,
szemrehányás,szem,re,hányás,,
tönkretevés,tönk,re,tevés,,
keresztülvisz,kereszt,ül,visz,,
hallócsontocska,hal,ló,csontocska,,
fajírtás,faj,írt,ás,,
hétvégi,hé,tv,égi,,
keresztültipor,kereszt,ül,tipor,,
ejtőgép,ej,tő,gép,,
burkolólemez,burkol,ól,emez,,
függőszék,függ,ősz,ék,,
gátoltatás,gát,oltat,ás,,
fixírfürdő,fix,ír,fürdő,,
keresztülhúzogat,kereszt,ül,húzogat,,
retorika,re,tor,ika,,
retorika,re,to,rika,,
keresztülrág,kereszt,ül,rág,,
lovaglótér,lovag,lót,ér,,
kérdeznivaló,kérdez,niva,ló,,
tabulatúra,tabu,la,túra,,
keresztülváj,kereszt,ül,váj,,
keresztülsuttog,kereszt,ül,suttog,,
keresztülláttat,kereszt,ül,láttat,,
lakásadó,la,kása,dó,,
excenteres,ex,cent,eres,,
táborkísérőnő,tábor,kísérő,nő,,
szeretetreméltó,szeretet,re,méltó,,
esztergagép,eszter,gag,ép,,
szociálpolitika,szoci,ál,politika,,
tarkaság,tar,kas,ág,,
keresztültol,kereszt,ül,tol,,
tönkresilányít,tönk,re,silányít,,
szorítóvas,szorít,óv,as,,
szocializál,szoci,aliz,ál,,
lobbizás,lob,biz,ás,,
bútorokon,bú,to,rokon,,
mezőség,mez,ős,ég,,
válltóláz,váll,tó,láz,,
keresztülsöpör,kereszt,ül,söpör,,
bűnpártolás,bűn,pártol,ás,,
keresztülzöttyen,kereszt,ül,zöttyen,,
keresztüláramol,kereszt,ül,áramol,,
keresnivaló,keres,niva,ló,,
aszpázia,asz,pá,zia,,
parancsolgató,parancs,olga,tó,,
záróléggömb,zár,ól,éggömb,,
kétségbeejtő,kétségbe,ej,tő,,
keresztüljár,kereszt,ül,jár,,
keresztülsző,kereszt,ül,sző,,
keresztülfér,kereszt,ül,fér,,
keresztüllódul,kereszt,ül,lódul,,
szerterepül,szer,terep,ül,,
ősbélüreg,ős,bél,üreg,,
keresztülél,kereszt,ül,él,,
keresztülsüvít,kereszt,ül,süvít,,
keresztülbélyegez,kereszt,ül,bélyegez,,
névmagyarosítás,név,magyarosít,ás,,
monokrómás,mono,króm,ás,,
javaslat,ja,vas,lat,,
pároséltű,páros,él,tű,,
ölelnivaló,ölel,niva,ló,,
forrasztóvas,forraszt,óv,as,,
vízgőzdesztillálás,vízgőz,desztillál,ás,,
telelármáz,telel,ár,máz,,
ágyútőgomb,ágyú,tő,gomb,,
keresztülzavar,kereszt,ül,zavar,,
keresztüldereng,kereszt,ül,dereng,,
tovajár,to,vaj,ár,,
keresztülsüt,kereszt,ül,süt,,
nőcsábász,nő,csáb,ász,,
éppakkora,ép,pakk,ora,,
egyedülvalóság,egyed,ül,valóság,,
keresztülmosolyog,kereszt,ül,mosolyog,,
ilyenség,ily,ens,ég,,
paplanos,pap,la,nos,,
szűrősajtó,szűr,ős,ajtó,,
keresztültrappol,kereszt,ül,trappol,,
keresztülhasít,kereszt,ül,hasít,,
zártszék,zár,tsz,ék,,
emelőszél,emel,ősz,él,,
keresztülérez,kereszt,ül,érez,,
keresztülszáll,kereszt,ül,száll,,
rekesztőtábla,rekesz,tő,tábla,,
keresztülvágtat,kereszt,ül,vágtat,,
munkabéradó,munka,bé,radó,,
tönkrezúzás,tönk,re,zúzás,,
keresztülbuborékol,kereszt,ül,buborékol,,
lakkbőr,lak,kb,őr,,
szemhunyás,szem,huny,ás,,
egyszerűsített,egyszerű,sí,tett,,
kardbojt,kar,db,ojt,,
sikkasztó,sikk,asz,tó,,
arcfintorgatás,arc,fintorgat,ás,,
tömörség,töm,örs,ég,,
épkézláb,ép,kéz,láb,,
kapucinus,kapu,cin,us,,
keresztülevez,kereszt,ül,evez,,
olyasféle,oly,as,féle,,
vízreszállás,víz,re,szállás,,
mentálhigiéné,ment,ál,higiéné,,
keresztültámogat,kereszt,ül,támogat,,
fontolgató,font,olga,tó,,
gyermekkertésznő,gyermek,kertész,nő,,
hisztériás,hisz,téri,ás,,
csecsebecse,csecs,eb,ecse,,
keresztülhág,kereszt,ül,hág,,
folytonos,foly,to,nos,,
mentesítő,mente,sí,tő,,
keresztülolvad,kereszt,ül,olvad,,
keresztülrezeg,kereszt,ül,rezeg,,
keresztüllyukaszt,kereszt,ül,lyukaszt,,
keresztüláramoltat,kereszt,ül,áramoltat,,
melléhangol,mell,éh,angol,,
fixírsó,fix,ír,só,,
nőszőfű,nő,sző,fű,,
vájdling,váj,dl,ing,,
keresztülszüremlik,kereszt,ül,szüremlik,,
javarészt,ja,var,észt,,
keresztülfuttat,kereszt,ül,futtat,,
gyermekkertésznő,gyermekkert,ész,nő,,
keresztülvillog,kereszt,ül,villog,,
keresztülutaz,kereszt,ül,utaz,,
árjegyzőkészülék,ár,jegyző,készülék,,
véglények,vég,lé,nyek,,
keresztülszürcsöl,kereszt,ül,szürcsöl,,
lakkmunka,lak,km,unka,,
keresztülás,kereszt,ül,ás,,
tisztaságú,tiszt,as,ágú,,
merítőszita,merít,ős,zita,,
daltoni,dal,to,ni,,
koponyalékelő,koponya,lé,kelő,,
minősítő,minő,sí,tő,,
mellélép,mell,él,ép,,
szabadonbocsátás,szabadon,bocsát,ás,,
miserere,mise,re,re,,
kopasztóteknő,kopasz,tó,teknő,,
pénzcsinálás,pénz,csinál,ás,,
keresztülível,kereszt,ül,ível,,
boncolgató,bonc,olga,tó,,
keresztüldűl,kereszt,ül,dűl,,
keresztülörvénylik,kereszt,ül,örvénylik,,
keresztülcsiszol,kereszt,ül,csiszol,,
vízvetős,víz,vet,ős,,
epigrammatikus,epigramma,tik,us,,
keresztülvezet,kereszt,ül,vezet,,
keresztülbillen,kereszt,ül,billen,,
keresztülgazdálkodik,kereszt,ül,gazdálkodik,,
életrekelt,élet,re,kelt,,
életrekelt,él,etre,kelt,,
borzongató,bor,zonga,tó,,
szófaragás,szófa,rag,ás,,
keresztülsuhan,kereszt,ül,suhan,,
helytartóság,hely,tartós,ág,,
liberalizál,liber,aliz,ál,,
rákfarkfű,rák,fark,fű,,
csatártűz,csat,árt,űz,,
paradigmatikus,paradigma,tik,us,,
karcsúsító,karcsú,sí,tó,,
hajófaron,hajó,fa,ron,,
fagyasztó,fagy,asz,tó,,
mosogatóvíz,mosogat,óv,íz,,
szeretetreméltó,szeretet,remél,tó,,
csüggesztő,csügg,esz,tő,,
vidrabőr,vid,rab,őr,,
vöröságúfa,vörös,ágú,fa,,
keresztülnyom,kereszt,ül,nyom,,
végrehajtott,vég,re,hajtott,,
keresztülszánt,kereszt,ül,szánt,,
néznivaló,néz,niva,ló,,
pánikkeltő,pánik,kel,tő,,
pánikkeltő,pá,nikkel,tő,,
keresztülfűrészel,kereszt,ül,fűrészel,,
végrehajtat,vég,re,hajtat,,
keresztüllibben,kereszt,ül,libben,,
karitatív,kari,tat,ív,,
áruküldemény,áruk,ül,demény,,
érzékeltet,ér,zé,keltet,,
fafoggyalu,fa,fog,gyalu,,
keresztülküld,kereszt,ül,küld,,
rézusmajom,réz,us,majom,,
jegyzetelőszék,jegyzetel,ősz,ék,,
hulldogál,hull,dog,ál,,
vezetőszár,vezet,ősz,ár,,
karitatív,kar,itat,ív,,
szenteltvíz,szentel,tv,íz,,
keresztülhajtat,kereszt,ül,hajtat,,
kerékpáron,kerék,pá,ron,,
mészkénlé,mész,kén,lé,,
keresztüljön,kereszt,ül,jön,,
keresztülevickél,kereszt,ül,evickél,,
keresztülcikázik,kereszt,ül,cikázik,,
keresztülszivárog,kereszt,ül,szivárog,,
kenceficél,kence,fi,cél,,
fonadék,fon,ad,ék,,
szarvasnyelvűfű,szarvas,nyelvű,fű,,
népszerűsítő,népszerű,sí,tő,,
rendcsinálás,rend,csinál,ás,,
hídlás,hí,dl,ás,,
publikál,pub,lik,ál,,
élesztő,él,esz,tő,,
gerebentűmező,gereben,tű,mező,,
ügyelőség,ügyel,ős,ég,,
keresztülcsoszog,kereszt,ül,csoszog,,
malátagyár,malát,agy,ár,,
taglalat,tag,la,lat,,
vezetőszár,vezet,ős,zár,,
hozzárág,hoz,zár,ág,,
ruhadarabé,ruha,dara,bé,,
kulcstollé,kulcs,tol,lé,,
tépőzár,tép,őz,ár,,
keresztültűz,kereszt,ült,űz,,
arcfitor,arc,fi,tor,,
szálldogál,száll,dog,ál,,
frázispufogtatás,frázis,pufogtat,ás,,
keresztülhömpölyög,kereszt,ül,hömpölyög,,
ejtőakna,ej,tő,akna,,
érvágás,érv,ág,ás,,
gáncsolnivaló,gáncsol,niva,ló,,
keresztülsétál,kereszt,ül,sétál,,
hasonlatok,hason,la,tok,,
keresztülszállít,kereszt,ül,szállít,,
szeretetreméltóság,szeretet,re,méltóság,,
nevetnivaló,nevet,niva,ló,,
marhaság,mar,has,ág,,
nyelvhasonlítás,nyelv,hasonlít,ás,,
rezgéskeltő,rezgés,kel,tő,,
keresztülaprít,kereszt,ül,aprít,,
kaparólapát,kapar,ól,apát,,
kéményfedkő,kémény,fed,kő,,
keresztülkanyarog,kereszt,ül,kanyarog,,
csernobili,cser,no,bili,,
heretikus,here,tik,us,,
népbutítás,nép,butít,ás,,
hullaszín,hull,asz,ín,,
nyúlfarkfű,nyúl,fark,fű,,
színtartóság,szín,tartós,ág,,
keresztültaszít,kereszt,ül,taszít,,
vezetősín,vezet,ős,ín,,
keresztülzötykölődik,kereszt,ül,zötykölődik,,
járadék,jár,ad,ék,,
keresztülharsog,kereszt,ül,harsog,,
keresztüldug,kereszt,ül,dug,,
lőszerellátás,lő,szerel,látás,,
keresztülvonul,kereszt,ül,vonul,,
keresztülnő,kereszt,ül,nő,,
szónoklatok,szónok,la,tok,,
hengerlőmunkás,henger,lő,munkás,,
kardcsörtető,kard,csörte,tő,,
végrehajtódik,vég,re,hajtódik,,
árpádina,ár,pá,dina,,
keresztülvagdalkozik,kereszt,ül,vagdalkozik,,
tetemrehívás,tetem,re,hívás,,
maratófürdő,mara,tó,fürdő,,
ónoxidpor,ón,oxid,por,,
ingóvagyon,ing,óv,agyon,,
keresztüloson,kereszt,ül,oson,,
eredmények,ered,mé,nyek,,
keresztülfolyik,kereszt,ül,folyik,,
végrehajtó,vég,re,hajtó,,
vértestvér,vértes,tv,ér,,
keresztülsíel,kereszt,ül,síel,,
kürtősfánk,kürt,ős,fánk,,
keresztültáncol,kereszt,ül,táncol,,
hallókészülék,hal,ló,készülék,,
szenzációhajhászás,szenzáció,hajhász,ás,,
keresztülfúrat,kereszt,ül,fúrat,,
falikút,fa,lik,út,,
forrasztóvíz,forraszt,óv,íz,,
intézőség,intéz,ős,ég,,
keresztülvizsgál,kereszt,ül,vizsgál,,
keresztülhúzódik,kereszt,ül,húzódik,,
keresztülbotlik,kereszt,ül,botlik,,
keresztülbukdácsol,kereszt,ül,bukdácsol,,
ráfüstöl,ráf,üst,öl,,
keresztülpattan,kereszt,ül,pattan,,
leonárdó,leon,ár,dó,,
ékszerbolt,ék,szerb,olt,,
szemvillantás,szem,villant,ás,,
végrehajthatatlan,vég,re,hajthatatlan,,
vakkantó,vak,kan,tó,,
keresztülmászik,kereszt,ül,mászik,,
lámaszőr,lám,asz,őr,,
szentélyrekesztő,szentély,rekesz,tő,,
zsiradék,zsir,ad,ék,,
zavartkeltő,zavart,kel,tő,,
koptatólemez,koptat,ól,emez,,
élőlények,élő,lé,nyek,,
útvonalbérlet,út,von,albérlet,,
természettani,termés,zetta,ni,,
kaparóvas,kapar,óv,as,,
szakítólemez,szakít,ól,emez,,
társadalom,társ,ad,alom,,
olvasnivaló,olvas,niva,ló,,
keresztülhajol,kereszt,ül,hajol,,
távírász,táv,ír,ász,,
csípőrész,csíp,őr,ész,,
keresztülbámul,kereszt,ül,bámul,,
kötélbújtatás,kötél,bújtat,ás,,
keresztülfricskáz,kereszt,ül,fricskáz,,
korszerűsített,korszerű,sí,tett,,
színrevitel,szín,re,vitel,,
publicitás,pub,licit,ás,,
rendezőség,rendez,ős,ég,,
tudósinas,tudó,sin,as,,
erődbolt,erő,db,olt,,
keresztülront,kereszt,ül,ront,,
figyelemreméltó,figyelem,remél,tó,,
keresztüllopakodik,kereszt,ül,lopakodik,,
keresztülkúszik,kereszt,ül,kúszik,,
keresztüldübörög,kereszt,ül,dübörög,,
fiúzás,fi,úz,ás,,
keresztülborzong,kereszt,ül,borzong,,
képviselőség,képvisel,ős,ég,,
képviselőség,kép,viselős,ég,,
folyondár,foly,ond,ár,,
figyelemreméltó,figyelem,re,méltó,,
hullarabló,hull,arab,ló,,
tolakodó,to,lak,odó,,
hallani,hal,la,ni,,
vakéról,vak,ér,ól,,
rákínál,rák,ín,ál,,
álladék,áll,ad,ék,,
keresztülgondol,kereszt,ül,gondol,,
keresztülkényszerít,kereszt,ül,kényszerít,,
hallótávolság,hal,ló,távolság,,
tüdősérülés,tüdős,ér,ülés,,
licenciátus,licenc,iá,tus,,
kakashágás,kakas,hág,ás,,
hangerősítő,hangerő,sí,tő,,
bútordarab,bú,torda,rab,,
keresztülhajszol,kereszt,ül,hajszol,,
szemérevet,szem,ér,evet,,
élesmosófű,éles,mosó,fű,,
papírtölcsér,papírt,öl,csér,,
állomás,ál,lom,ás,,
munkanormázás,munka,normáz,ás,,
keresztülerőszakol,kereszt,ül,erőszakol,,
kedvezményes,kedvez,mé,nyes,,
ráfeszül,ráf,esz,ül,,
keresztülver,kereszt,ül,ver,,
keresztülcsörtet,kereszt,ül,csörtet,,
viaszopál,via,szop,ál,,
keresztülverekedik,kereszt,ül,verekedik,,
középdöntős,közép,dönt,ős,,
reumatikus,reuma,tik,us,,
végrehajtható,vég,re,hajtható,,
vállrándítás,váll,rándít,ás,,
keresztülcsillog,kereszt,ül,csillog,,
keresztülbattyog,kereszt,ül,battyog,,
katalizál,kat,aliz,ál,,
dicséretreméltó,dicséret,remél,tó,,
keresztülbucskázik,kereszt,ül,bucskázik,,
működtető,mű,köd,tető,,
keresztüldob,kereszt,ül,dob,,
keresztülfurakodik,kereszt,ül,furakodik,,
vízikerék,víz,iker,ék,,
orrfintorgatás,orr,fintorgat,ás,,
mondanivaló,monda,niva,ló,,
keresztülnyomul,kereszt,ül,nyomul,,
dicséretreméltó,dicséret,re,méltó,,
kerékcsapágykő,kerék,csapágy,kő,,
ejtőfúró,ej,tő,fúró,,
férfiúság,fér,fiús,ág,,
tengelyvastagítás,tengely,vastagít,ás,,
arckozmetikázás,arc,kozmetikáz,ás,,
fájdogál,fáj,dog,ál,,
keresztülszellőzik,kereszt,ül,szellőzik,,
keresztülszökik,kereszt,ül,szökik,,
árvaság,ár,vas,ág,,
tiszteletreméltóság,tisztelet,re,méltóság,,
jelenség,jel,ens,ég,,
colostomia,colos,to,mia,,
apatikus,apa,tik,us,,
érdemesül,ér,deme,sül,,
portölcsér,port,öl,csér,,
keresztülfurakszik,kereszt,ül,furakszik,,
kövezettégla,kövezett,ég,la,,
laboratórium,la,bora,tórium,,
adásvétel,ad,ásv,étel,,
kétfeléágazás,kétfelé,ágaz,ás,,
keresztülprésel,kereszt,ül,présel,,
tönkrenyúz,tönk,re,nyúz,,
hócsalánvászon,hó,csalán,vászon,,
szántóvas,szánt,óv,as,,
libanoni,liba,no,ni,,
érzékel,ér,zé,kel,,
keresztülemel,kereszt,ül,emel,,
kapcsolólemez,kapcsol,ól,emez,,
férfiszív,fér,fisz,ív,,
folyadék,foly,ad,ék,,
keresztülsétáltat,kereszt,ül,sétáltat,,
zugírász,zug,ír,ász,,
tönkretétel,tönk,re,tétel,,
vesztenivaló,veszte,niva,ló,,
hintaszék,hint,asz,ék,,
marhabőr,mar,hab,őr,,
keresztülsajtol,kereszt,ül,sajtol,,
bérbeadó,bér,bea,dó,,
kőzettani,kő,zetta,ni,,
keveredés,keve,re,dés,,
mólóvég,mól,óv,ég,,
termőrügy,term,őr,ügy,,
fitogenezis,fi,to,genezis,,
hódbőr,hó,db,őr,,
örömrivalgás,öröm,rivalg,ás,,
tudósító,tudó,sí,tó,,
divatjamúlt,divat,ja,múlt,,
olajtálló,olaj,tál,ló,,
kvesztúra,kv,esz,túra,,
hengerlőgép,henger,lő,gép,,
keresztülenged,kereszt,ül,enged,,
keresztülhallatszik,kereszt,ül,hallatszik,,
keresztültolakodik,kereszt,ül,tolakodik,,
üldögél,ül,dög,él,,
borsóleves,bors,ól,eves,,
keresztülnyúl,kereszt,ül,nyúl,,
színkeltő,szín,kel,tő,,
keresztülmozdul,kereszt,ül,mozdul,,
keresztülárad,kereszt,ül,árad,,
melléterül,mell,éter,ül,,
keresztülég,kereszt,ül,ég,,
keresztülautózik,kereszt,ül,autózik,,
tiszteletreméltó,tisztelet,remél,tó,,
tiszteletreméltó,tisztelet,re,méltó,,
sarkításmérő,sarkít,ás,mérő,,
egyedülálló,egyed,ül,álló,,
tengerkék,teng,erk,ék,,
diatonikus,dia,tonik,us,,
tönkremenő,tönk,re,menő,,
nyavalyatörős,nyavalya,tör,ős,,
rágcsálnivaló,rágcsál,niva,ló,,
választóvíz,választ,óv,íz,,
szerkesztőség,szerkeszt,ős,ég,,
hegeliánus,heg,elián,us,,
kívánnivaló,kíván,niva,ló,,
keresztülrobban,kereszt,ül,robban,,
pálinkás,pá,link,ás,,
csőrlőgerendely,csőr,lő,gerendely,,
rajtahagy,rajt,ah,agy,,
keresztülugrik,kereszt,ül,ugrik,,
cinkmaratás,cin,km,aratás,,
dicsőség,dics,ős,ég,,
egyedüllét,egyed,ül,lét,,
célalak,cé,la,lak,,
hordalékos,horda,lé,kos,,
méretű,mé,re,tű,,
szociálpacifista,szoci,ál,pacifista,,
keresztülvonszol,kereszt,ül,vonszol,,
éjszakázás,éj,szak,ázás,,
keresztüllát,kereszt,ül,lát,,
tűvétevő,tű,vét,evő,,
naptájolás,nap,tájol,ás,,
faluszája,fal,us,zája,,
bontóvas,bont,óv,as,,
alaperesnő,alap,eres,nő,,
vetnivaló,vet,niva,ló,,
mérettartóság,méret,tartós,ág,,
gyermekláncfű,gyermek,lánc,fű,,
folyadékszerű,foly,ad,ékszerű,,
fűzőszíj,fűz,ősz,íj,,
kedvezőség,kedvez,ős,ég,,
keresztüldolgozik,kereszt,ül,dolgozik,,
munkavállaló,munka,válla,ló,,
ágyútűz,ágy,út,űz,,
diplomatikus,diploma,tik,us,,
keresztülszáguld,kereszt,ül,száguld,,
fiahordó,fi,ah,ordó,,
fűútvonalak,fű,út,vonalak,,
keresztrefeszítés,kereszt,re,feszítés,,
műfénypapír,mű,fény,papír,,
állatetető,ál,late,tető,,
keresztülözönlik,kereszt,ül,özönlik,,
szülőség,szül,ős,ég,,
tovaszökken,to,vas,zökken,,
élettelenség,élettel,ens,ég,,
keresztülfektet,kereszt,ül,fektet,,
főnevesül,főn,eves,ül,,
hulladékfa,hull,ad,ékfa,,
gyomírtó,gyom,ír,tó,,
kovácsoltvas,kovácsol,tv,as,,
vérlúgsó,vér,lúg,só,,
keresztülcsúszik,kereszt,ül,csúszik,,
szobaűrszék,szoba,űr,szék,,
keresztülharcol,kereszt,ül,harcol,,
katalógus,kata,lóg,us,,
szertejár,szer,tej,ár,,
tönkrever,tönk,re,ver,,
bételborsfa,bétel,bors,fa,,
keresztültesz,kereszt,ül,tesz,,
színdarabé,szín,dara,bé,,
allergiakeltő,allergia,kel,tő,,
rágnivaló,rág,niva,ló,,
enyvesztő,enyv,esz,tő,,
bűnhődés,bűn,hő,dés,,
keresztülfúj,kereszt,ül,fúj,,
borrágófű,bor,rágó,fű,,
keresztülmasírozik,kereszt,ül,masírozik,,
életrevalóság,élet,re,valóság,,
életrevalóság,él,etre,valóság,,
tönkrejutott,tönk,re,jutott,,
ingatlanadó,ingat,lana,dó,,
fényjelenség,fényjel,ens,ég,,
haszonhajhászás,haszon,hajhász,ás,,
keresztülöklel,kereszt,ül,öklel,,
keresztültekint,kereszt,ül,tekint,,
keresztülvillan,kereszt,ül,villan,,
keresztülír,kereszt,ül,ír,,
jésített,jé,sí,tett,,
transzliterál,transz,liter,ál,,
éjszakás,éj,szak,ás,,
rabiátus,rab,iá,tus,,
látnivaló,lát,niva,ló,,
karusszel,kar,us,szel,,
mértékadó,mér,téka,dó,,
lyukasztó,lyuk,asz,tó,,
keresztülküzd,kereszt,ül,küzd,,
gyomorrontás,gyom,orront,ás,,
keresztülhasznál,kereszt,ül,használ,,
nevezéktan,nevez,ék,tan,,
olyasforma,oly,as,forma,,
keresztülmenetel,kereszt,ül,menetel,,
keresztülszögez,kereszt,ül,szögez,,
kutatnivaló,kutat,niva,ló,,
ragasztékszó,ragaszt,ék,szó,,
keresztülüt,kereszt,ül,üt,,
keresztültocsog,kereszt,ül,tocsog,,
ejtőcső,ej,tő,cső,,
keresztülbotladozik,kereszt,ül,botladozik,,
szülőszék,szül,ősz,ék,,
nopálkaktusz,no,pál,kaktusz,,
keresztülrongyol,kereszt,ül,rongyol,,
keresztülhasogat,kereszt,ül,hasogat,,
gyermeknyaraltatás,gyermek,nyaraltat,ás,,
köztartóék,köz,tartó,ék,,
intézményes,intéz,mé,nyes,,
asztmatikus,asztma,tik,us,,
csapnivaló,csap,niva,ló,,
keresztülirányít,kereszt,ül,irányít,,
tönkrement,tönk,re,ment,,
keresztülmászkál,kereszt,ül,mászkál,,
deszkapad,desz,kap,ad,,
teljesített,telje,sí,tett,,
köztemető,közt,eme,tő,,
zongoraszék,zongor,asz,ék,,
haltókerék,hal,tó,kerék,,
csendháborítás,csend,háborít,ás,,
keresztülszűr,kereszt,ül,szűr,,
árusító,áru,sí,tó,,
hétszeres,hé,tsz,eres,,
vázlatok,váz,la,tok,,
keresztülvágtázik,kereszt,ül,vágtázik,,
fülkurtítás,fül,kurtít,ás,,
sziklapad,szik,lap,ad,,
keresztüllép,kereszt,ül,lép,,
lőportár,lő,port,ár,,
erősítő,erő,sí,tő,,
ítélőszék,ítél,ősz,ék,,
keresztülgyalogol,kereszt,ül,gyalogol,,
kürtőskalács,kürt,ős,kalács,,
élrefaragás,él,re,faragás,,
hőleadó,hő,lea,dó,,
morzsalékos,morzsa,lé,kos,,
útrakész,út,rak,ész,,
foglalat,fog,la,lat,,
tönkrejut,tönk,re,jut,,
keresztülgördül,kereszt,ül,gördül,,
szállásdíj,szál,lásd,íj,,
pántlikás,pánt,lik,ás,,
pamutbálázás,pamut,báláz,ás,,
keresztülfolyat,kereszt,ül,folyat,,
egyedülállás,egyed,ül,állás,,
toldalék,tol,dal,ék,,
keresztülfekszik,kereszt,ül,fekszik,,
féltónus,félt,ón,us,,
árpadara,ár,pad,ara,,
keresztüldől,kereszt,ül,dől,,
keresztülugrat,kereszt,ül,ugrat,,
nyersólom,nyer,só,lom,,
keresztülpréselődik,kereszt,ül,préselődik,,
forrásvíz,forr,ásv,íz,,
folyóvíz,foly,óv,íz,,
autómentő,aut,ómen,tő,,
védőrács,véd,őr,ács,,
keresztülaraszol,kereszt,ül,araszol,,
keresztülment,kereszt,ül,ment,,
keresztülbotorkál,kereszt,ül,botorkál,,
úttörővasút,út,törővas,út,,
keresztülvergődik,kereszt,ül,vergődik,,
folydogál,foly,dog,ál,,
hőcserélő,hő,cser,élő,,
asztaltáncoltatás,asztal,táncoltat,ás,,
keresztülhúz,kereszt,ül,húz,,
keresztülpereg,kereszt,ül,pereg,,
hídlemez,hí,dl,emez,,
kenőzsír,ken,őz,sír,,
keresztülvilágol,kereszt,ül,világol,,
konzultatív,konzul,tat,ív,,
karcolóvas,karcol,óv,as,,
keverőtál,keve,rőt,ál,,
zongorahúré,zongor,ah,úré,,
farkvég,far,kv,ég,,
keresztüllop,kereszt,ül,lop,,
keresztülesik,kereszt,ül,esik,,
engedményes,enged,mé,nyes,,
keresztülviharzik,kereszt,ül,viharzik,,
lapátolás,la,pá,tolás,,
minősített,minő,sí,tett,,
keresztülfut,kereszt,ül,fut,,
űrrakéra,űr,rak,éra,,
álszágófa,ál,szágó,fa,,
plasztikálás,plasztik,ál,ás,,
fújdogál,fúj,dog,ál,,
vasárnap,vas,ár,nap,,
folyósító,folyó,sí,tó,,
milyenség,mily,ens,ég,,
kettéágazás,ketté,ágaz,ás,,
cserebomlás,cser,eb,omlás,,
nilométer,ni,lom,éter,,
melléhúz,mell,éh,úz,,
egyszerűsítő,egyszerű,sí,tő,,
teljesítményű,teljesít,mé,nyű,,
résztvevő,rész,tv,evő,,
pukkasztó,pukk,asz,tó,,
lázrózsák,láz,ró,zsák,,
kvasszia,kv,as,szia,,
porladó,por,la,dó,,
kezelhetőség,kezelhet,ős,ég,,
eredményes,ered,mé,nyes,,
keresztülhúzkod,kereszt,ül,húzkod,,
keresztültörtet,kereszt,ül,törtet,,
zagyvaság,zagy,vas,ág,,
kecsketalpfű,kecske,talp,fű,,
keresztülnyargal,kereszt,ül,nyargal,,
szentelmények,szentel,mé,nyek,,
dagasztóvíz,dagaszt,óv,íz,,
javadalom,ja,vad,alom,,
repertórium,re,per,tórium,,
reménykeltő,remény,kel,tő,,
lakónegyed,lak,ón,egyed,,
szembesítő,szembe,sí,tő,,
testreszabás,test,re,szabás,,
maratószer,mara,tó,szer,,
nődögél,nő,dög,él,,
bolygótűz,boly,gót,űz,,
bútorzár,bú,torz,ár,,
keresztülröppen,kereszt,ül,röppen,,
hővízvulkán,hő,víz,vulkán,,
rázólemez,ráz,ól,emez,,
keresztülhajt,kereszt,ül,hajt,,
tönkrejuttat,tönk,re,juttat,,
csőcselék,cső,csel,ék,,
farokkerék,far,okker,ék,,
métermérték,mé,term,érték,,
keverőtér,keve,rőt,ér,,
emésztehtő,emészt,eh,tő,,
verejték,ver,ejt,ék,,
lampasz,la,mp,asz,,
tönkretett,tönk,re,tett,,
koronaszőr,koron,asz,őr,,
részrehajlás,rész,re,hajlás,,
ívhosszmérés,ív,hossz,mérés,,
bútoron,bú,to,ron,,
kannibál,kan,ni,bál,,
halivadék,hali,vad,ék,,
szemrehányó,szem,re,hányó,,
keresztülhatol,kereszt,ül,hatol,,
keresztsraffozás,kereszt,sraffoz,ás,,
tekercselágazás,tekercsel,ágaz,ás,,
fenőszíj,fen,ősz,íj,,
dudorászás,dudor,ász,ás,,
keresztülsiet,kereszt,ül,siet,,
életadó,él,eta,dó,,
bizonylatok,bizony,la,tok,,
fehéreperfa,fehére,per,fa,,
toloncegyezmény,to,lonc,egyezmény,,
keresztülszalad,kereszt,ül,szalad,,
keresztülmozog,kereszt,ül,mozog,,
cianidálás,cianid,ál,ás,,
keresztülnéz,kereszt,ül,néz,,
magzatdarabolás,magzat,darabol,ás,,
keresztülnyúlik,kereszt,ül,nyúlik,,
főznivaló,főz,niva,ló,,
keresztülbarangol,kereszt,ül,barangol,,
ábrándkergető,ábránd,kerge,tő,,
szerelemittas,szerel,emitt,as,,
tönkretehet,tönk,re,tehet,,
érzékelés,ér,zé,kelés,,
keresztülrohan,kereszt,ül,rohan,,
fakultatív,fakul,tat,ív,,
katatónia,kata,tó,nia,,
műsorközlő,mű,sorköz,lő,,
maratoni,mara,to,ni,,
rádiótájolás,rádió,tájol,ás,,
függősín,függ,ős,ín,,
tartósító,tartó,sí,tó,,
kőkorszaki,kő,kor,szaki,,
keresztülporoszkál,kereszt,ül,poroszkál,,
írdogál,ír,dog,ál,,
keresztülszegez,kereszt,ül,szegez,,
lukasztó,luk,asz,tó,,
keresztülcsapkod,kereszt,ül,csapkod,,
atyafiságpártolás,atyafiság,pártol,ás,,
adjusztál,ad,juszt,ál,,
záradék,zár,ad,ék,,
illetőség,illet,ős,ég,,
kasszírnő,kas,szír,nő,,
keresztülömöl,kereszt,ül,ömöl,,
mellészól,mell,ész,ól,,
keresztülbiciklizik,kereszt,ül,biciklizik,,
területbér,terül,etb,ér,,
eszterhéj,esz,terh,éj,,
ebkopírozás,eb,kopíroz,ás,,
követelnivaló,követel,niva,ló,,
tekeredés,teke,re,dés,,
keresztülzuhan,kereszt,ül,zuhan,,
részrehajló,rész,re,hajló,,
keresztüllökődik,kereszt,ül,lökődik,,
kézbesítő,kézbe,sí,tő,,
keresztülvitet,kereszt,ül,vitet,,
keresztüldönt,kereszt,ül,dönt,,
katonafogdosás,katona,fogdos,ás,,
keresztülcipel,kereszt,ül,cipel,,
zavarkeltő,zavar,kel,tő,,
végigüldögél,végigül,dög,él,,
életjelenség,életjel,ens,ég,,
keresztültántorog,kereszt,ül,tántorog,,
keresztülvág,kereszt,ül,vág,,
keresztülfon,kereszt,ül,fon,,
keresztülgurul,kereszt,ül,gurul,,
rókaprém,ró,kap,rém,,
útcsinálás,út,csinál,ás,,
fűszerpaprika,fű,szerpap,rika,,
égetnivaló,éget,niva,ló,,
keresztülúszik,kereszt,ül,úszik,,
kvartálás,kvart,ál,ás,,
keresztülszúr,kereszt,ül,szúr,,
láncadagolás,lánc,adagol,ás,,
keresztülszűrődik,kereszt,ül,szűrődik,,
hallóképesség,hal,ló,képesség,,
kézbesített,kézbe,sí,tett,,
keresztülbandukol,kereszt,ül,bandukol,,
szájadék,száj,ad,ék,,
fallikus,fal,lik,us,,
szentesített,szente,sí,tett,,
védháztetőív,véd,háztető,ív,,
címhajhászás,cím,hajhász,ás,,
keresztülhajít,kereszt,ül,hajít,,
csurogtatás,csurog,tat,ás,,
hozadék,hoz,ad,ék,,
hallószerv,hal,ló,szerv,,
pálinkázik,pá,link,ázik,,
hétvég,hé,tv,ég,,
nyáladék,nyál,ad,ék,,
kavarólapát,kavar,ól,apát,,
napéjegyenlőség,nap,éj,egyenlőség,,
olytókés,oly,tó,kés,,
lomhaság,lom,has,ág,,
tisztasági,tiszt,as,ági,,
lombhullató,lomb,hulla,tó,,
ajtószárfa,ajtós,zár,fa,,
keresztülcsap,kereszt,ül,csap,,
jövedelmezőség,jövedelmez,ős,ég,,
fedőszőr,fed,ősz,őr,,
végrehajtás,vég,re,hajtás,,
keltőóra,kel,tő,óra,,
rákkeltő,rák,kel,tő,,
bőrpuhítás,bőr,puhít,ás,,
lakbér,la,kb,ér,,
marhabél,mar,hab,él,,
vasárnapi,vas,ár,napi,,
olyasvalahogy,oly,as,valahogy,,
ejtőernyős,ej,tő,ernyős,,
nyelvállás,nyel,váll,ás,,
főlépcső,fől,ép,cső,,
különbíróság,különb,írós,ág,,
különbíróság,különb,ír,óság,,
tovaköltözik,to,vak,öltözik,,
tönkrevert,tönk,re,vert,,
keresztülerőltet,kereszt,ül,erőltet,,
állatok,ál,la,tok,,
testvéresül,test,véres,ül,,
zárólemez,zár,ól,emez,,
keresztülkattint,kereszt,ül,kattint,,
óvadék,óv,ad,ék,,
kemencetapadék,kemence,tapad,ék,,
díszműáru,dísz,mű,áru,,
keresztüllovagol,kereszt,ül,lovagol,,
szártőrothadás,szár,tő,rothadás,,
tovakering,to,vaker,ing,,
fénysarkítás,fény,sarkít,ás,,
imádnivaló,imád,niva,ló,,
tizedszerre,tized,szer,re,,
keresztülrajzol,kereszt,ül,rajzol,,
keresztüllopódzik,kereszt,ül,lopódzik,,
borítólemez,borít,ól,emez,,
rákövül,rák,öv,ül,,
keresztülkísér,kereszt,ül,kísér,,
vállvonogatás,váll,vonogat,ás,,
éjszakázik,éj,szak,ázik,,
halasztó,hal,asz,tó,,
hadihajón,had,ihaj,ón,,
hajtépázás,hajt,ép,ázás,,
tönkremenés,tönk,re,menés,,
javarész,ja,var,ész,,
kerékpárút,kerék,pá,rút,,
keresztülverekszik,kereszt,ül,verekszik,,
nyomólemez,nyom,ól,emez,,
pántvas,pán,tv,as,,
vezetőségi,vezet,ős,égi,,
lucaszék,luc,asz,ék,,
hajtépázás,haj,tépáz,ás,,
rádióleadó,rádió,lea,dó,,
tonettszék,to,nett,szék,,
rózabella,ró,zab,ella,,
vitaelőadás,vitae,lő,adás,,
üdvrivalgás,üdv,rivalg,ás,,
keresztülcsorog,kereszt,ül,csorog,,
keresztüllátszik,kereszt,ül,látszik,,
nőkérdés,nők,ér,dés,,
keresztülfúr,kereszt,ül,fúr,,
rákészül,rák,ész,ül,,
mellépakol,mell,ép,akol,,
keresztülkóvályog,kereszt,ül,kóvályog,,
keresztülvontat,kereszt,ül,vontat,,
keresztülvitel,kereszt,ül,vitel,,
keresztülnyújt,kereszt,ül,nyújt,,
takarítóvas,takarít,óv,as,,
komplikál,komp,lik,ál,,
terelősín,terel,ős,ín,,
kezelőség,kezel,ős,ég,,
zöldmezős,zöld,mez,ős,,
keresztülröpül,kereszt,ül,röpül,,
kedvezmények,kedvez,mé,nyek,,
kompetitív,komp,etit,ív,,
keresztülhalad,kereszt,ül,halad,,
keresztültüremkedik,kereszt,ül,türemkedik,,
hajósinas,hajó,sin,as,,
csapóvas,csap,óv,as,,
ciklonúttérkép,ciklon,út,térkép,,
földlakó,föl,dl,akó,,
tintatartón,tinta,tart,ón,,
zongoradarab,zongor,ad,arab,,
relatív,re,lat,ív,,
melléjár,mell,éj,ár,,
keresztülsegít,kereszt,ül,segít,,
metszőség,metsz,ős,ég,,
sírdogál,sír,dog,ál,,
keresztülnyomakodik,kereszt,ül,nyomakodik,,
dekatálás,deka,tál,ás,,
farkaslábfű,farkas,láb,fű,,
ejtőernyő,ej,tő,ernyő,,
sétafikál,séta,fi,kál,,
hangjelenség,hangjel,ens,ég,,
sebészterpesztő,sebész,terpesz,tő,,
keresztülfutkos,kereszt,ül,futkos,,
kőnyomatos,kő,nyom,atos,,
bizalomkeltő,bizalom,kel,tő,,
keresztülpillant,kereszt,ül,pillant,,
keresztülgázol,kereszt,ül,gázol,,
nyíláshidalás,nyílás,hidal,ás,,
keresztülforog,kereszt,ül,forog,,
járdogál,jár,dog,ál,,
helytálló,hely,tál,ló,,
papundekli,pap,un,dekli,,
tömegközéppont,tömeg,köz,épp,ont,
társadalombiztosító,társ,ada,lom,biztosító,
paraszttársadalom,paraszt,társ,ada,lom,
magánfogadalom,magán,fog,ada,lom,
társadalomszervezet,társ,ada,lom,szervezet,
államkapitalizmus,állam,kap,ital,izmus,
középpontkereső,köz,épp,ont,kereső,
gazdatársadalom,gazda,társ,ada,lom,
társadalomtörténet,társ,ada,lom,történet,
pótkontingens,pót,kont,ing,ens,
világkapitalizmus,világ,kap,ital,izmus,
szabadalomképes,szab,ada,lom,képes,
presztízsnövekedés,presztízs,növ,eke,dés,
társadalomrajz,társ,ada,lom,rajz,
gépzongorakarton,gép,zongor,akar,ton,
cseresznyeszár,cser,esz,nyes,zár,
feszítőszigetelő,feszít,ősz,ige,telő,
társadalompolitika,társ,ada,lom,politika,
társadalombiztosítás,társ,ada,lom,biztosítás,
kereskedőtársadalom,kereskedő,társ,ada,lom,
társadalomkutató,társ,ada,lom,kutató,
világszabadalom,világ,szab,ada,lom,
területnövekedés,terület,növ,eke,dés,
jobbágytársadalom,jobb,ágytárs,ada,lom,
jobbágytársadalom,jobbágy,társ,ada,lom,
szakszolgálatok,szak,szol,gála,tok,
palotaforradalom,palota,forr,ada,lom,
csúcsnövekedés,csúcs,növ,eke,dés,
újonckontingens,újonc,kont,ing,ens,
végigkorcsolyázik,végig,korcs,oly,ázik,
szabadalombitorlás,szab,ada,lom,bitorlás,
szögtranszportőr,szög,transz,por,tőr,
gyorskorcsolyázás,gyors,korcs,oly,ázás,
társadalombírálat,társ,ada,lom,bírálat,
parasztforradalom,paraszt,forr,ada,lom,
proletárforradalom,proletár,forr,ada,lom,
agyontraktál,agy,ont,rak,tál,
társadalomtudomány,társ,ada,lom,tudomány,
társadalomábrázolás,társ,ada,lom,ábrázolás,
népforradalom,nép,forr,ada,lom,
társadalomkritika,társ,ada,lom,kritika,
világforradalom,világ,forr,ada,lom,
tömegverekedés,tömeg,ver,eke,dés,
távtartócsavar,táv,tar,tócsa,var,
értéknövekedés,érték,növ,eke,dés,
halfüstölőhely,half,üst,ölő,hely,
zeneesztétika,zene,esz,tét,ika,
agrárkapitalizmus,agrár,kap,ital,izmus,
lyukasztógép,lyuk,asz,tó,gép,
áramerősítő,ára,merő,sí,tő,
tömegjelenség,tömeg,jel,ens,ég,
élesztőgyár,él,esz,tő,gyár,
magsarjasztó,mag,sarj,asz,tó,
hegesztőív,heg,esz,tő,ív,
gépjárművekre,gép,jár,művek,re,
élesztőgyár,él,esz,tőgy,ár,
emlékezeterősítő,emlékezet,erő,sí,tő,
futólapátkerék,fut,ól,apát,kerék,
áramerősítő,áram,erő,sí,tő,
bajadérszövet,baj,ad,ér,szövet,
lyukfolyadék,lyuk,foly,ad,ék,
húsvétvasárnap,húsvét,vas,ár,nap,
munkaerőtoborzás,munkaerő,to,borz,ás,
hűtőraktár,hűt,őr,akt,ár,
hűtőraktár,hű,tőr,akt,ár,
dinasztikus,din,asz,tik,us,
folyadékáru,foly,ad,ék,áru,
csapadékszegény,csap,ad,ék,szegény,
pamuthulladék,pamut,hull,ad,ék,
csőcselékuralom,cső,csel,ék,uralom,
hulladékszén,hull,ad,ék,szén,
csillagkatalógus,csillag,kata,lóg,us,
traktorállomás,traktor,ál,lom,ás,
szövethulladék,szövet,hull,ad,ék,
metróállomás,metró,ál,lom,ás,
fogyasztószer,fogy,asz,tó,szer,
kandallóvas,kan,dal,ló,vas,
keresztüljutás,kereszt,ül,jut,ás,
folyadékfék,foly,ad,ék,fék,
pálinkásüveg,pá,link,ás,üveg,
tömegméretű,tömeg,mé,re,tű,
erősítőoldat,erő,sí,tő,oldat,
vadállatok,vad,ál,la,tok,
lyukasztóvas,lyuk,asz,tó,vas,
űrállomás,űr,ál,lom,ás,
paraffinmentesített,paraffin,mente,sí,tett,
fejlődésképtelen,fej,lő,dés,képtelen,
testfolyadék,test,foly,ad,ék,
tudósítócsoport,tudó,sí,tó,csoport,
kriminológus,krimi,no,lóg,us,
készpénzjáradék,készpénz,jár,ad,ék,
üvegkészítmények,üveg,készít,mé,nyek,
hasejtőernyő,has,ej,tő,ernyő,
folytonossági,foly,to,nos,sági,
folyadékvezeték,foly,ad,ék,vezeték,
verejtékszagú,ver,ejt,ék,szagú,
gyomorerősítő,gyomor,erő,sí,tő,
transzformátorállomás,transzformátor,ál,lom,ás,
folyadékveszteség,foly,ad,ék,veszteség,
hadilétszámon,hadi,lé,tsz,ámon,
adóvégrehajtó,adó,vég,re,hajtó,
árusítóbódé,áru,sí,tó,bódé,
társadalomrajz,társ,ad,alom,rajz,
földjáradék,föld,jár,ad,ék,
moslékosvályú,mos,lé,kos,vályú,
csontfejlődés,csont,fej,lő,dés,
jogfolytonos,jog,foly,to,nos,
csapadékmérő,csap,ad,ék,mérő,
vállalatvezetőség,vállalat,vezet,ős,ég,
vevőállomás,vevő,ál,lom,ás,
adóleszállítás,ad,ól,esz,állítás,
hozzápasszít,hoz,záp,as,szít,
atomcsapadék,atom,csap,ad,ék,
fogyasztóvédelem,fogy,asz,tó,védelem,
hulladékenergia,hull,ad,ék,energia,
fejlődéstan,fej,lő,dés,tan,
haditudósító,hadi,tudó,sí,tó,
kandallószőnyeg,kan,dal,ló,szőnyeg,
dagasztóvíz,dag,asz,tó,víz,
koronajáradék,korona,jár,ad,ék,
szemételtávolítás,szem,étel,távolít,ás,
segélyállomás,segély,ál,lom,ás,
fejlődésképes,fej,lő,dés,képes,
vashulladék,vas,hull,ad,ék,
közcsendháborítás,köz,csend,háborít,ás,
szegecselőrúd,szeg,ecse,lő,rúd,
élestöltény,él,est,öl,tény,
kártológépen,kár,to,lóg,épen,
hulladékértékesítés,hull,ad,ék,értékesítés,
filantrópia,fi,lant,ró,pia,
bérmentesített,bér,mente,sí,tett,
moslékosdézsa,mos,lé,kos,dézsa,
karavánállomás,karaván,ál,lom,ás,
repülőállomás,repülő,ál,lom,ás,
lakbérmentes,la,kb,ér,mentes,
őstársadalom,ős,társ,ad,alom,
fagymentesítő,fagy,mente,sí,tő,
fejlődéstörténeti,fej,lő,dés,történeti,
rádiótávírász,rádió,táv,ír,ász,
hűtőkeverék,hű,tőke,ver,ék,
sajtótudósító,sajtó,tudó,sí,tó,
őstársadalom,ős,társ,ada,lom,
bélyegkatalógus,bélyeg,kata,lóg,us,
gyapothulladék,gyapot,hull,ad,ék,
hegesztőlámpa,heg,esz,tő,lámpa,
társadalompolitika,társ,ad,alom,politika,
ülőzsámoly,ül,őz,sám,oly,
hajólépcső,haj,ól,ép,cső,
járadékteher,jár,ad,ék,teher,
pihenőállomás,pihenő,ál,lom,ás,
páncélautó,pán,cé,la,utó,
hisztológus,hisz,to,lóg,us,
hulladékudvar,hull,ad,ék,udvar,
munkaállomás,munka,ál,lom,ás,
katalitikus,kat,ali,tik,us,
riasztóállomás,riasztó,ál,lom,ás,
hozzápártol,hoz,záp,ár,tol,
mellékállomás,mellék,ál,lom,ás,
buszállomás,busz,ál,lom,ás,
hegesztőpisztoly,heg,esz,tő,pisztoly,
hajótársaság,hajót,ár,sas,ág,
szikratávírász,szikra,táv,ír,ász,
szállítókészülék,szállítók,ész,ül,ék,
deszkapadló,desz,kap,ad,ló,
jelzőkészülék,jelzők,ész,ül,ék,
fémhulladék,fém,hull,ad,ék,
csapadékmérés,csap,ad,ék,mérés,
érciszapolás,ér,cisz,apol,ás,
állomásnapló,ál,lom,ás,napló,
téglahulladék,tégla,hull,ad,ék,
kékrevesedés,kék,re,vese,dés,
kézbesítőkönyv,kézbe,sí,tő,könyv,
tagtoborzás,tag,to,borz,ás,
egyedfejlődés,egyed,fej,lő,dés,
erősítőszer,erő,sí,tő,szer,
keltetőállomás,keltető,ál,lom,ás,
mostohaság,mos,to,has,ág,
gyűjtőállomás,gyűjtő,ál,lom,ás,
korrepetitor,kor,re,peti,tor,
szeszélesztő,szesz,él,esz,tő,
fűzőszíjnyelv,fűz,ősz,íj,nyelv,
trónutódlás,trón,utó,dl,ás,
hívóállomás,hívó,ál,lom,ás,
lakktopános,lakk,to,pá,nos,
fagyasztókamra,fagy,asz,tó,kamra,
vérkeveredés,vér,keve,re,dés,
életrekeltő,élet,re,kel,tő,
szegecselőmunkásnő,szeg,ecse,lő,munkásnő,
pálinkáspohár,pá,link,ás,pohár,
síkmértan,sí,km,ér,tan,
folyadéktartály,foly,ad,ék,tartály,
védőszérum,véd,ős,zé,rum,
húzólégcsavar,húz,ól,ég,csavar,
féregírtószer,féreg,ír,tó,szer,
páramentesítő,pára,mente,sí,tő,
televízióállomás,televízió,ál,lom,ás,
érchulladék,érc,hull,ad,ék,
köztársasági,közt,ár,sas,ági,
függesztőszerkezet,függ,esz,tő,szerkezet,
postaállomás,posta,ál,lom,ás,
adókészülék,adók,ész,ül,ék,
kóchulladék,kóc,hull,ad,ék,
hírlaptudósító,hírlap,tudó,sí,tó,
hegesztőpálca,heg,esz,tő,pálca,
molesztálás,mol,esz,tál,ás,
tovaszárnyal,to,vas,zár,nyal,
teafogyasztó,tea,fogy,asz,tó,
egyedülállóság,egyed,ül,áll,óság,
jegylyukasztó,jegy,lyuk,asz,tó,
hozzápróbál,hoz,záp,ró,bál,
meddőlapátoló,meddő,la,pá,toló,
tűzoltóállomás,tűzoltó,ál,lom,ás,
gyapjúhulladék,gyapjú,hull,ad,ék,
retikültolvaj,re,tik,ül,tolvaj,
kandallósarok,kan,dal,ló,sarok,
állomásparancsnok,ál,lom,ás,parancsnok,
fibrillálás,fi,brill,ál,ás,
búcsúztatás,bú,csúz,tat,ás,
szemlélődés,szem,lé,lő,dés,
hitehagyás,hit,eh,agy,ás,
csípőrésztoldalék,csípőrész,tol,dal,ék,
bérkocsiállomás,bérkocsi,ál,lom,ás,
csípőrésztoldalék,csíp,őr,ész,toldalék,
fogyasztóközönség,fogy,asz,tó,közönség,
folyasztószer,foly,asz,tó,szer,
szervizállomás,szerviz,ál,lom,ás,
verejtékmirigy,ver,ejt,ék,mirigy,
fehérvasárnap,fehér,vas,ár,nap,
életjáradék,élet,jár,ad,ék,
töltőállomás,töltő,ál,lom,ás,
tehermentesített,teher,mente,sí,tett,
folyadékmennyiség,foly,ad,ék,mennyiség,
lakbéruzsora,la,kb,ér,uzsora,
csírafüggesztő,csíra,függ,esz,tő,
cédulakatalógus,cédula,kata,lóg,us,
társadalomkutató,társ,ad,alom,kutató,
rádióhíradás,rádió,hí,rad,ás,
babahintőpor,bab,ah,intő,por,
kapcsolóállomás,kapcsoló,ál,lom,ás,
javaslattevő,ja,vas,lat,tevő,
kvalitatív,kv,ali,tat,ív,
hozzáragadó,hoz,zár,aga,dó,
vesszőfonadék,vessző,fon,ad,ék,
lakbérkönyv,la,kb,ér,könyv,
kvassziafa,kv,as,szia,fa,
földbirtokosság,föl,db,irt,okosság,
élesztőgomba,él,esz,tő,gomba,
lakbérfizetés,la,kb,ér,fizetés,
földbirtokos,föl,db,irt,okos,
világjelenség,világ,jel,ens,ég,
híradástechnika,hí,rad,ás,technika,
feketevasárnap,fekete,vas,ár,nap,
anódvédőrács,anód,véd,őr,ács,
hulladéktelep,hull,ad,ék,telep,
tartókészülék,tartók,ész,ül,ék,
pártvezetőség,párt,vezet,ős,ég,
gabonahulladék,gabona,hull,ad,ék,
bajonettfoglalat,bajonett,fog,la,lat,
hulladékpapír,hull,ad,ék,papír,
világméretű,világ,mé,re,tű,
keresztülhatolás,kereszt,ül,hatol,ás,
toldalékcső,tol,dal,ék,cső,
laptudósító,lap,tudó,sí,tó,
kéménytoldalék,kémény,tol,dal,ék,
sporteredmények,sport,ered,mé,nyek,
állomásfőnök,ál,lom,ás,főnök,
agyonkomplikál,agyon,komp,lik,ál,
vérfagyasztó,vér,fagy,asz,tó,
folyadékszűrő,foly,ad,ék,szűrő,
társadalombiztosítás,társ,ad,alom,biztosítás,
bronzvasárnap,bronz,vas,ár,nap,
szocializálás,szoci,aliz,ál,ás,
jegyzetelőszék,jegy,zete,lő,szék,
füzetkatalógus,füzet,kata,lóg,us,
paraszttársadalom,paraszt,társ,ad,alom,
világrajövetel,világ,raj,öv,etel,
társadalomszervezet,társ,ad,alom,szervezet,
rajtaszárad,raj,tas,zár,ad,
szervízállomás,szervíz,ál,lom,ás,
hulladékgyűjtő,hull,ad,ék,gyűjtő,
haszonállatok,haszon,ál,la,tok,
rugófüggesztő,rugó,függ,esz,tő,
reléállomás,relé,ál,lom,ás,
fejállomás,fej,ál,lom,ás,
társadalombiztosító,társ,ad,alom,biztosító,
mélyállomás,mély,ál,lom,ás,
hulladékgyapjú,hull,ad,ék,gyapjú,
teljesítőképesség,telje,sí,tő,képesség,
társadalomtörténet,társ,ad,alom,történet,
tönkrejutás,tönk,re,jut,ás,
aranyfüsthulladék,aranyfüst,hull,ad,ék,
atavisztikus,ata,visz,tik,us,
lakbérmentesség,la,kb,ér,mentesség,
kereskedőtársadalom,kereskedő,társ,ad,alom,
ezüstvasárnap,ezüst,vas,ár,nap,
fejlődéstörténet,fej,lő,dés,történet,
sugármentesítő,sugár,mente,sí,tő,
deszkahulladékfa,deszka,hull,ad,ékfa,
nyelvfejlődés,nyelv,fej,lő,dés,
címkatalógus,cím,kata,lóg,us,
teljesítményerősítő,teljesítmény,erő,sí,tő,
állatvész,ál,la,tv,ész,
farsangvasárnap,farsang,vas,ár,nap,
csőfoglalat,cső,fog,la,lat,
vakmerőség,vak,mer,ős,ég,
műkorcsolyázás,mű,korcs,oly,ázás,
ételhulladék,étel,hull,ad,ék,
pálinkásbolt,pá,link,ás,bolt,
folyadékmérték,foly,ad,ék,mérték,
jobbágytársadalom,jobbágy,társ,ad,alom,
jobbágytársadalom,jobb,ágytárs,ad,alom,
rádióállomás,rádió,ál,lom,ás,
hozzápasszol,hoz,záp,as,szol,
laborméretű,labor,mé,re,tű,
fonalhulladék,fonal,hull,ad,ék,
köztársaság,közt,ár,sas,ág,
javadalomhalmaz,ja,vad,alom,halmaz,
célállomás,cél,ál,lom,ás,
szegecselőgépé,szeg,ecse,lő,gépé,
sziklatemplom,szik,late,mp,lom,
élettapasztalat,él,etta,paszta,lat,
vasútállomás,vasút,ál,lom,ás,
szűrőállomás,szűrő,ál,lom,ás,
gázfejlődés,gáz,fej,lő,dés,
halotthamvasztó,halott,hamv,asz,tó,
állásvadász,áll,ásv,ad,ász,
áztatófolyadék,áztató,foly,ad,ék,
ügyintézőség,ügy,intéz,ős,ég,
értekezésíró,ért,eke,zé,síró,
értekezésíró,ér,teke,zé,síró,
szénlapátoló,szén,la,pá,toló,
társadalomábrázolás,társ,ad,alom,ábrázolás,
pünkösdvasárnap,pünkösd,vas,ár,nap,
tervjavaslat,terv,ja,vas,lat,
erősítőállomás,erősítő,ál,lom,ás,
erősítőállomás,erő,sí,tő,állomás,
dicsőségtábla,dics,ős,ég,tábla,
zavaróállomás,zavaró,ál,lom,ás,
publikálás,pub,lik,ál,ás,
kandallórács,kan,dal,ló,rács,
páncélököl,pán,cé,lök,öl,
nyelvkeveredés,nyelv,keve,re,dés,
sújtólégrobbanás,sújt,ól,ég,robbanás,
hegesztőmunkás,heg,esz,tő,munkás,
hajnövesztő,haj,növ,esz,tő,
mostohagyerek,mos,to,hagy,erek,
hegesztőgép,heg,esz,tő,gép,
hajtásvégszáradás,hajt,ásv,ég,száradás,
szegecselőkalapács,szeg,ecse,lő,kalapács,
ügyvezetőség,ügy,vezet,ős,ég,
szabóvasaló,szab,óv,as,aló,
hidroplánállomás,hidroplán,ál,lom,ás,
szikraerősítő,szikra,erő,sí,tő,
dagasztógép,dag,asz,tó,gép,
hajmeresztő,haj,mer,esz,tő,
földbirtokkezelőség,földbirtok,kezel,ős,ég,
katalógusszám,kata,lóg,us,szám,
aranyvasárnap,arany,vas,ár,nap,
fúvókafoglalat,fúvóka,fog,la,lat,
verejtékcsepp,ver,ejt,ék,csepp,
pervertálás,per,vert,ál,ás,
pervertálás,per,ver,tál,ás,
hegesztőláng,heg,esz,tő,láng,
gyermekfejlődéstan,gyermekfej,lő,dés,tan,
hadvezetőség,had,vezet,ős,ég,
hulladékrongy,hull,ad,ék,rongy,
határállomás,határ,ál,lom,ás,
sövényfonadék,sövény,fon,ad,ék,
sörélesztő,sör,él,esz,tő,
kártológép,kár,to,lóg,ép,
járadékélvező,jár,ad,ék,élvező,
sújtólégálló,sújtó,lé,gál,ló,
sújtólégálló,sújt,ól,ég,álló,
taxiállomás,taxi,ál,lom,ás,
verebészsólyom,ver,eb,ész,sólyom,
vevőkészülék,vevők,ész,ül,ék,
hegesztőhuzal,heg,esz,tő,huzal,
állomáshely,ál,lom,ás,hely,
szövetfejlődés,szövet,fej,lő,dés,
lakbérpótlék,la,kb,ér,pótlék,
tudósítónő,tudó,sí,tó,nő,
szíverősítő,szív,erő,sí,tő,
ikerállomás,iker,ál,lom,ás,
dagasztóteknő,dag,asz,tó,teknő,
hűtőfolyadék,hűtő,foly,ad,ék,
papírhulladék,papír,hull,ad,ék,
keresztiránylatok,kereszt,irány,la,tok,
adóállomás,adó,ál,lom,ás,
házivarrónő,ház,ivar,ró,nő,
fékfolyadék,fék,foly,ad,ék,
hadtápállomás,hadtáp,ál,lom,ás,
asztaltársaság,asztalt,ár,sas,ág,
járadékszámítás,jár,ad,ék,számítás,
járadékkötvény,jár,ad,ék,kötvény,
törzsfejlődés,törzs,fej,lő,dés,
szembetűnőség,szembe,tű,nős,ég,
drágakőfoglalat,drágakő,fog,la,lat,
cseppfolyósító,csepp,folyó,sí,tó,
feddhetelenség,fedd,hetel,ens,ég,
profilaktikus,profi,lak,tik,us,
szenelőállomás,szenelő,ál,lom,ás,
légáthidalás,lé,gát,hidal,ás,
toldaléktető,tol,dal,ék,tető,
csapadékíró,csap,ad,ék,író,
tényálladék,tény,áll,ad,ék,
fagyasztógép,fagy,asz,tó,gép,
javaslattevés,ja,vas,lat,tevés,
vízrebocsátás,víz,re,bocsát,ás,
tűzoltókészülék,tűzoltók,ész,ül,ék,
ondófolyadék,ondó,foly,ad,ék,
zsebméretű,zseb,mé,re,tű,
társadalombírálat,társ,ad,alom,bírálat,
hólapátolás,hó,la,pá,tolás,
rókaprémutánzat,ró,kap,rém,utánzat,
honállomás,hon,ál,lom,ás,
közvetítőállomás,közvetítő,ál,lom,ás,
társadalomkritika,társ,ad,alom,kritika,
csődbíróság,cső,db,ír,óság,
kandallóajtó,kan,dal,ló,ajtó,
kényszervágás,kény,szerv,ág,ás,
lyukasztótüske,lyuk,asz,tó,tüske,
társadalomtudomány,társ,ad,alom,tudomány,
hírlapírás,hír,la,pír,ás,
űrlaboratórium,űr,la,bora,tórium,
függesztőkengyel,függ,esz,tő,kengyel,
lakbértartozás,la,kb,ér,tartozás,
szegecselőgép,szeg,ecse,lő,gép,
fúrókalapács,fú,róka,lap,ács,
táviratkézbesítő,távirat,kézbe,sí,tő,
szíjlyukasztó,szíj,lyuk,asz,tó,
moslékosvödör,mos,lé,kos,vödör,
atomhulladék,atom,hull,ad,ék,
korrelatív,kor,re,lat,ív,
borélesztő,bor,él,esz,tő,
marginalizál,mar,gin,aliz,ál,
ívhegesztő,ív,heg,esz,tő,
ejtőernyőkupola,ej,tő,ernyő,kupola,
fejlődéslélektan,fej,lő,dés,lélektan,
fajélesztő,faj,él,esz,tő,
komplikáltan,komp,lik,ál,tan,
működészavar,mű,köd,ész,avar,
élősejtprotoplazma,él,ős,ejt,protoplazma,
gazdatársadalom,gazda,társ,ad,alom,
folyadéksugár,foly,ad,ék,sugár,
erősítőfürdő,erő,sí,tő,fürdő,
folyadékcsepp,foly,ad,ék,csepp,
örökjáradék,örök,jár,ad,ék,
őrállomás,őr,ál,lom,ás,
fagylaltárusító,fagylalt,áru,sí,tó,
robbantótöltény,robban,tót,öl,tény,
jutahulladék,juta,hull,ad,ék,
jégmentesítő,jég,mente,sí,tő,
csapadéktan,csap,ad,ék,tan,
légitársaság,lé,gitár,sas,ág,
radarállomás,radar,ál,lom,ás,
gépállomás,gép,ál,lom,ás,
csapadékeloszlás,csap,ad,ékel,oszlás,
kameraerősítő,kamera,erő,sí,tő,
mondanivalója,monda,niva,ló,ja,
szűrőkészülék,szűrők,ész,ül,ék,
pácfolyadék,pác,foly,ad,ék,
természettani,term,ész,etta,ni,
fajkeveredés,faj,keve,re,dés,
másodpercmérő,másod,per,cm,érő,
érzékelésszint,ér,zé,kelés,szint,
aranyzáradék,arany,zár,ad,ék,
házkezelőség,ház,kezel,ős,ég,
barackpálinkás,barack,pá,link,ás,
fagyasztópróba,fagy,asz,tó,próba,
hegesztődinamó,heg,esz,tő,dinamó,
pálinkásflaskó,pá,link,ás,flaskó,
papundeklidoboz,pap,un,dekli,doboz,
egyedárusító,egyed,áru,sí,tó,
vezetőségválasztás,vezet,ős,ég,választás,
lómészárszék,ló,mész,ár,szék,
lómészárszék,ló,mé,szár,szék,
repertoár,re,per,to,ár,
pótejtőernyő,pót,ej,tő,ernyő,
óvadékadó,óv,ad,ék,adó,
hulladéksav,hull,ad,ék,sav,
kandallókeret,kan,dal,ló,keret,
kandallópárkány,kan,dal,ló,párkány,
mutatókészülék,mutatók,ész,ül,ék,
hajóállomás,hajó,ál,lom,ás,
gépkenőzsír,gép,ken,őz,sír,
jelzőállomás,jelző,ál,lom,ás,
mentőállomás,mentő,ál,lom,ás,
autogénhegesztő,autogén,heg,esz,tő,
kvalifikál,kv,ali,fi,kál,
folyadékmozgás,foly,ad,ék,mozgás,
sztrájkzáradék,sztrájk,zár,ad,ék,
falikárpit,fa,lik,ár,pit,
szenteltvíztartó,szentel,tv,íz,tartó,
csónakbérbeadó,csónak,bér,bea,dó,
toldaléképület,tol,dal,ék,épület,
kandallóburkolat,kan,dal,ló,burkolat,
végállomás,vég,ál,lom,ás,
vígjátékszínésznő,víg,játékszín,ész,nő,
szakkatalógus,szak,kata,lóg,us,
páncélátütőképesség,pán,cé,lát,ütő,képesség
állatvásártér,ál,la,tv,ás,ártér
szikratávírónál,szikra,táv,ír,ón,ál
csőfoglalatpecek,cső,fog,la,lat,pecek
szovjetköztársaság,szovjet,közt,ár,sas,ág
gázcseppfolyósító,gáz,csepp,folyó,sí,tó
jeladókészülék,jel,adók,ész,ül,ék
adóvégrehajtó,ad,óv,ég,re,hajtó
népköztársaság,nép,közt,ár,sas,ág
segédadóállomás,segéd,adó,ál,lom,ás
állatvásár,ál,la,tv,ás,ár
vészjelzőkészülék,vész,jelzők,ész,ül,ék
színésztársaság,szín,észt,ár,sas,ág
távírókészülék,táv,írók,ész,ül,ék
rádióvevőkészülék,rádió,vevők,ész,ül,ék
halottbúcsúztatás,halott,bú,csúz,tat,ás
szakaszkapcsolóállomás,szakasz,kapcsoló,ál,lom,ás
teljesítményerősítő,teljesít,mé,nyerő,sí,tő
biztosítandó,biz,to,sí,tan,dó
tanácsköztársaság,tanács,közt,ár,sas,ág
büntetőzászlóalj,büntet,őz,ász,ló,alj
állatélettani,ál,la,tél,etta,ni
tördelőszerkesztő,tördel,ősz,erk,esz,tő
